,bookname,pagename,content
0,都市猎艳：少妇俱乐部,第五十二章 女孩化妆要很久,"   
    (只可惜，我是个衰人，在毕业之后，工作相当不顺利。好在女朋友还是蛮有钱的，穷诺奈沂背；崛ヅ朋友租的公寓里蹭饭，今天，也是一样。

    当我来到小的公寓外，猛然发现，她居然跟一个肥头大耳的中年胖子卿卿我我的往楼上走去，搂在一起连条缝隙都不剩！

    “妈拉个巴子，这是什么情况？！”老子直接傻眼了，嘴巴里的烟头烧到了屁股都没发觉，烫得直咧咧嘴。

    在楼下一动不动的傻站了两个多小时，估计就跟石化的雕塑差不多。直到小和那个一脸舒爽的中年胖子走下楼，我这才反应过来。

    这一对奸夫淫妇，看老子不揍死你？！

    我没有想太多，从地上操起一块板砖，便要朝那两人走去。谁知，中年胖子笑眯眯的从口袋里掏出一个钱夹子，里面的钞票似乎比我手里的板砖还要厚。

    顿时，我却步了。这个男人好有钱，老子得罪不起啊！

    小笑眯眯的抱着那个中年胖子，用力的亲了一口，连钱带钱包都放进了自己的兜中。中年胖子也没啥不爽，反而还从口袋里拿出一张信用卡，塞进了小的胸罩里，然后摸了几把，哈哈淫笑着，上了旁边一辆奔驰S600，骄傲的离去。

    小对着远去的奔驰车挥了挥手，满是笑容的转身。可是，当她看到站在楼道口的我，脸色忽然一滞，随即眉宇间好似舒展开了一般，如释重负的吐出一口气。

    “你都看到了？”

    “看到了！”我点点头，心里还有一丝侥幸：小，你说你是被强迫的，你不是自愿的！

    可是，现实给我了重重的一巴掌。

    “既然看到了，那就分手吧！”小从我身旁擦身而过，留下一句：“你什么都给不了我！”便蹬蹬蹬的上楼去了。

    他妈的，好歹老子也是个爷们，你居然这么不给我面子，做的这么绝情？！

    我嘴里想骂，却骂不出口，想要讨点分手费，却又没那个脸皮。

    的确，我什么都给不了她。我是个衰棍，自从两个月前辞职，到现在工作都没着落，还吃女朋友的软饭。我没钱买房，没钱买车，甚至连小的生日礼物，都是我从批发市场里弄来的。

    “女人啊．．．”心里的憋屈，化作无限的怨恨，从小卖部买了一瓶酒，一边喝着，一边溜回自己的民工房。谁知这么一走，竟然走到霞飞路，街边野店的小姐嬉笑怒骂，或是搔首弄姿，让我内心蠢蠢欲动。

    现在，我心里的郁闷劲不用提，急欲想找地方发泄，那些看似不怎么正经的女孩勾起了我的欲火。不知不觉，来到一家龙华ＫＴＶ门前，在门口徘徊良久，天人交战：是进去呢，还是不进去？全身家当还有一千来块钱，想来花费不会太高吧？

    中秋时节的凉风已有些萧索，耳听那一声声清脆的笑语，眼见街边走过短裙姑娘，我足足犹豫十多分钟。

    妈拉个巴子，我还怕个球啊！如今光棍一条，有什么好忌讳的？老子要发泄，要发泄！

    狠了狠心，推门而入，心头一块大石终于落到地上。有道是：遁入红颜自在生，谁敢笑话我无能？有朝一日雄风起，从此节操是路人。
   
    (但我既然已经来到这种地方，就不能把自己当成好东西，进了大厅服务台，一个挂着“大堂经理”胸牌的风骚妇女迎了上来，见我东张西望，媚笑着问道：“先生是与人有约吗？”

    “我，我一个人有没有”我眼睛在远处沙发上坐着的几个女孩身上逛了一圈，“哦，这个，这个，我想订个包厢唱歌！”

    “先生想要美女陪唱吗？我们这里刚到了四个清纯的女大学生，先生要不要试试？”

    听了这赤裸裸的发问，让我有些拉不下面子，大学生作陪，那得多少钱啊！当下吞吞吐吐道：“这个等下再说吧！”

    那大堂经理见我有所顾忌的样子，心知肯定是没见过什么世面的肥羊。她们见多识广，我这种人宰起来最容易，一是不常来色情场所，不熟悉价位，大刀想怎么砍就怎么砍，二是年纪不大，呆呆傻傻，不敢声张，三是看那闷骚劲，还不知饥渴到什么程度呢！

    大堂经理当即笑道：“先生，”

    我吞了一口唾沫：“那那好吧。”

    “小江，来，带先生去三号房间。”

    进了包间，我看着价位单，点了些零食，外加一打破。这些东西不贵，加上包厢费拢共不到五百块钱。我心头微微吁了一口气，不管怎么说，这都算是我第一次发泄。

    钱算什么，再赚就是！

    开了一瓶破，狠狠的灌进肚子，刚拿起麦克风，还没开唱呢，只见四个打扮妖艳的女孩子鱼贯而入。每个人都不超过二十岁，身高都是一米七，不多高一厘米也不矮一厘米，人人国色天香，身段惹火，百里挑一。

    第一个进来的身穿火红色高开叉旗袍，下摆用金丝绣着凤凰图案，栩栩如生，露出浑圆修长的大腿，肉光把人眼睛晃花。接着的那个女孩一身灯笼袖和蕾丝边的白色长裙，裙裾用富有弹性和韧性的鲸须撑起，格外的漂亮。第三个小姐穿着黑色白底，胸前有小兜的可爱女仆装，头戴白色丝巾，脸上挂着惹人怜爱的笑容。最后那个身穿暗灰色警卫服，不过下身的裙脚很低，整条大腿全都暴露在空气中，只能勉强遮住内裤。

    清一色的制服诱惑，将我看得眼花缭乱。

    “帅哥，一个人多寂寞，我们来陪你啊！”旗袍女孩圆鼓鼓的胸部堆在我的手臂上，叉着脚坐在我的身边，嘻嘻笑道，“帅哥，我叫媛媛！”

    “我叫楠楠。”

    “帅哥，人家的咪咪是不是露出来太多了？你别老是看，摸摸嘛！”

    “你说的每一句话，都有可能成为床上证供，帅哥，我们去楼上的洗浴包间怎么样？”

    四个美女莺莺燕燕围在我的身边，搅得我浑身发烫，脸上羞红无比。

    “哎哎，我的裤子呢！”忽然，我的裤子不翼而飞，紧接着一个女孩坐在了我的身上，仰头哼哼唧唧的叫了起来。

    他妈的，怎么回事？！这么直接，老子居然给噢，好舒服！

    一个小时后

    也不知道怎么回事，我好像忽然开了二十多年的窍一般，在美女堆里开始伸展手脚，摸摸这个，弄弄那个，麦克风早已经不晓得丢到哪里去了，只剩下四个小姐衣衫褴褛的瘫软在我的身边，嘴里齐齐喘着粗气。

    “舒服”我畅快的吁了一口气，今天还真是超水平发挥，居然做了一个小时！
   
    ()楠楠倒在我的大腿上，轻轻的抚摸着我的宝贝疙瘩，“帅哥，你都把媛媛弄的昏死过去了，是怎么办到的啊？”

    说实话，我也不晓得自己今天是吃错了什么药，居然在这个鬼地方按耐不住，并且还大发神威！要知道，在原来跟女朋友做那事的时候，我可从来没有坚持超过十分钟

    “嘿嘿，老子有神器，你们算是捡到大便宜咯！”我拍拍自己的小伙伴，忽然脸色一变。不对劲儿，怎么才刚刚发泄完，自己又翘起来了？！唔，这个个头儿他妈的居然比原来大了一倍！

    我的心都快要跳出来了，到底是什么神奇的事情发生在我的身上。额，难道是因为小的出轨，刺激了我的荷尔蒙和上脑神经，让我的小弟发生了二次发育？！天呐，老子还没喝醉，就已经在做梦了？！

    说实在的，就现在而言，我的小伙伴的确有些骇人，连我自己都有些不知所措。

    穿警服的小妹从一爬翻过两个人，来到我的身前，红着脸舔了舔嘴唇，“帅哥，你好厉害哦，我还想要一次！”

    擦，你这骚货怎么眼睛这么尖，我的宝贝疙瘩刚崛起，你就瞄到了？！

    我当下没有犹豫，这个穿警服的小妞身材实在是所有人里最好的，前凸后翘，有股子熟女的潜质。再加上搔首弄姿的本事比其他人更厉害两分，卖弄风骚的劲头儿别提有多浪。所以，我满足了她的要求，将她两只腿一扒开，搂住细腰，让她骑在了自己身上，好一阵轻摇慢推。

    “嗯哼，嗯哼，啊”从警服小妞的鼻端，发出一阵撩人的浪叫，一波高过一波，撩得其他人个女孩都难以控制，一个个朝着我爬了过来。

    顿时，我又糜陷在一片丰乳肥臀的海潮之中

    两个小时后，我到总台结账，收银员按了一阵计算器，礼貌地说：“先生，总共一万六千五百元，您支付现金还是刷卡？”

    “什么？”我一听这话，差点摔倒，“一万六？怎么可能？只是叫了四个小妹而已！”

    收银员不急不躁，察看电脑上的消费纪录，说道：“您包厢费三百元，，还有纸巾、小食品共两百元。之后，又点了六瓶葡萄酒，每瓶两千元，四位小姐的服务费每人一千元，一共一万六千五！”

    “两千块一瓶？那种劣质干红你以为是路易十六啊？”

    “先生，请您少安毋躁，那是法国一九八二产的红酒，所以收费比普通的酒要稍微贵一点。”

    我明白遇到黑店，顿时火大，“把你们老板叫来，我来跟他理论，哪有这么收费的，你们分明是在敲诈！”

    “先生，我们经理很忙，如果没有问题的话请您先结账好吗？”

    这笔冤枉钱怎么给？何况以为来唱歌消费肯定不高，身上只带了一千多块，要给也不够啊。

    “快把你们老板叫来！”我此时已经喝得迷迷糊糊的了，酒精有些上脑，大力拍着柜台。

    旁边还有五六个气势汹汹，穿着保安服，牛高马大的男人来回走动，不时望过来一眼，看样子只要一有动静就会上前打人。

    风骚的大堂经理从一旁慢悠悠的走了过来，上下打量我一番，冷笑道：“没钱还玩女人？告诉你，我们所收的价格非常合理，就给你打个折，去掉零头好了，收你一万块！”
   
    (在这一点上，我还是比较有觉悟的。

    可是，再有觉悟，他妈的也不能把我当猪来宰啊！

    “先付钱吧！”骚货经理哼哼了一声，顿时身后五个保安将自己摁住。

    可想而知，当时我是有多屈辱，不远处就有几个坐台小妹看着，还有那些来来往往的客人，很快就造成了不明真相的群众围观。

    “把他带到保卫室，看看他身上有多少值钱的东西！”骚货经理对保安队长一点头，便扭着屁股去接待其他人了。

    我被带进了保安室，自然是先反抗再说。结果，挨了十几棍子，立马变得老实起

    不一会儿，从门外的长廊里传来一阵脚步声。我已经被揍的厉害了，脑袋晕乎乎的什么也看不清，还没睁开眼，就被几个人给拽到了沙发上。

    大灯一下子打开，刺得我眼睛不由自主的流起了泪眼。他妈的，我可是个男人，前面挨打都没哭，现在怎么能流泪呢？！

    不过，现实更加讽刺，当我睁开眼的一瞬间，立马就哭了。

    只见眼前站着一位美到了极点的少妇，黑色的裤裙，白色的小西装，里面紫色蕾丝边内衣，小西装的口子也不扣，内衣就那么露着，胸前一对豪乳很调皮的挤出一条深深的沟壑，小腹部那可爱的小肚脐，端的是撩人。

    我之所以哭，是因为这个女人是我的熟人NO！不仅仅是熟人。

    “班班长”

    我还记得，在大一的时候，我被清甜纯美的吴雨晴同学给深深的吸引了，甚至还厚着脸皮追求了半年。当然，结局自然是失败的，我被高帅富虐的一塌糊涂。

    而此时此刻，清甜纯美的吴雨晴居然如此打扮他妈的你跟出来卖的有什么区别？！

    所以，我的泪眼因为诀别了当初的美好，我的初恋啊顿时，耳畔仿佛响起了我那颗少男之心轻轻碎裂的声音。

    “叶小飞？原来是你啊！”吴雨晴叉着脚，一手抱着小腹，一手捏着一支烟，“你奶奶的胆子倒是不小，敢在我们龙华闹事。看在我们同学一场，老娘再给你打个对折吧！五千，拿出五千，立马滚蛋！”

    天呐，这还是当初那个文质彬彬、羞答答的女孩子么？怎么这粗口爆的比我还顺溜？Ｉ是，五千

    “班长，我只有一千二”

    “一千二，你还玩女人？！”话还没说完，吴雨晴一个大巴掌就把我给摔在了地上，然后扭头对着边上的三个保安低声喝道，“你们去把老南叔叫来，这事儿我处理不了了！”

    “是，吴姐！”三个保安倒是客气，恭恭敬敬的给吴雨晴弯下了腰，就离开保卫室。

    我正趴在地上等待着吴雨晴进一步的羞辱，心里暗道，你丫的小娘皮，一朝得意就了不起啊！总有一天老子会让你尝尝我的厉害！

    正当我诅咒吴雨晴的时候，眼前忽然递来了一叠的钞票，紧接着吴雨晴那有些焦急的声音便传入了我的耳朵里，“我今天就带了一千多块，你快收起来。等会儿我们的总经理来了，你说说好话，我再帮你美言几句，就能揭过去这事儿，你自己多注意点！”

    我惊呆了，吴雨晴居然会跟我说这种话，嘶难道在她内心的深处，其实还是对我有情愫的？！
   
    (

    “干你娘炮，就是你这个小瘪三来我们KTV里闹事？！”魁梧大肚男吐了口唾沫，神色很是阴辣。

    龙华KTV在S市一共了十七家，他刚刚被提拔到霞飞路分号总经理的位置。可是，保持了一个月的无事故记录，今天就被我给打破了，这对他的前途很没好处，自然脾气不小。

    我倒在地上哀嚎不已，这一脚揣在了我的肚子上，肠子直接打起了结，感觉里面就跟着了火似的，差点没给别过气去。

    “南叔，你这是干啥呀，怎么跟一个穷鬼发这么大的火！”吴雨晴媚笑着趴在了魁梧大肚男的身上，那对呼之欲出的奶子

    “南叔，这是我一个同学呢！穷死了，我搜过他的身，全身上下就三千块钱，您就消消气吧，剩下的不够，我替他付好不好嘛！”

    老南叔的脸色微微放下来了一些，伸手搂住吴雨晴的腰，熊掌往下移去，用力的在她的屁股上捏了几把，“你这小骚货，怎么给这个穷鬼求情？”

    “哎呀，怎么说都同窗一场！南叔，你就看在我的面子上，放过他嘛！”吴雨晴的话都快融进骨头里了，听的人浑身酥麻麻的。

    “哈哈哈，也好！这样吧，小骚货你别说我不给你面子，让你的同学去江姐那会所里接个大单子，若是能活着出来，钱就免了！”老南叔桀桀笑了两声，扭头看向我，那表情就跟个带褶子的包子似的，都揪在了一起，看上去很是凶狠。

    “小子，我是个讲道理的人｀头你也吃了，最好老老实实的去江姐那边报到！否则，只要在S市，你就算是躲到地下道里，我都能把你揪出来，听到没有！”

    “听到了听到了”

    这是我最憋屈的一天，也是最软蛋的一天。我从来没觉得自己是这么个窝囊废，可是在这个黑白两道里通吃的魁梧大肚男面前，我软的就跟块泥巴似的。

    不是有句话，大丈夫能伸能缩么

    老南叔搂着吴雨晴走了，也不知道去办什么事情，反正长廊上都是他猥琐的笑声。我被几个壮汉抓了起来，就跟提溜小鸡仔似的，给提了出去。

    上了一辆车，七拐八拐，也不知道到了哪里，车一停下来就有人接应。随后，我被推推搡搡的进了一个后门。本来我以为自己是要给切肾切器官啥的，可是进了这个后门，里面那金灿灿的黄色光芒骤然照得我睁不开眼睛。

    待得看清楚周围，我顿时脑袋轰鸣。

    我日，这也装修的太豪华了吧！

    光只是大厅就有近千平方米，装修典雅辉煌，如同皇宫一样气派，休息处那边私家电影院、旋转睡床，阿拉伯式会客室，以及日本山岛温泉一般的沐浴间。

    走进一扇拱门，引入眼帘的是一张温婉长桌，桌子上摆满鲜花，玫瑰，郁金香，紫罗兰，满天星，把客厅装得点就像美丽的花园。

    四周从天花板垂下红色帷幔，一百多架银质烛台燃烧的火焰比电灯还要明亮耀眼。在客厅后方，一台古老典雅的留声机正在演奏《蓝色多瑙河》。节奏灵活，旋律优美，感情奔放的圆舞曲灌满每一个角落。

    这里是天堂？！我喃喃自语。抬头看去，三个女人朝我走了过来。
   
    (为首的年纪大概在三十左右，前凸后翘，身材倒是不错，只不过白衬衫的领子给系在了脖口，根本瞧不出那一对大肉球是D还是E。

    “江姐，这是南叔让我们送来的知客，今天就上一天班，您安排一下吧！”在我身后的一个大汉瓮声瓮气的说道，还顺手把我给推了一把，不忘嘱咐道：“这小子欠了大单，给他做大活！”

    来到这个白领女人面前，我有些不知所措，不为其他，这女人他喵的真高！虽然说高跟鞋也起到作用，可是她自身那高度，也绝对能傲视群雄了。

    哥们一米七八，这女人穿上高跟鞋，几乎与我平齐，不错不错

    “嘿嘿，这位姐姐”

    “小陈，带他去换衣服，然后送到三零八号房间。”白领女人直接与我插身而过，连看都不看一眼。

    哗擦，好嚣张的女人，他妈的狗眼看人低么？！

    当然，我不敢骂出声来，唯唯诺诺的跟在她一个助手的身后，软塌塌的来到一个小房间。这里是员工储物间，在墙上立着数十个衣柜，他领着我站在007号衣柜前，从里面取出一套干净雪白的工作职业服。

    这工作服看上去很眼熟，我日，这不是洗脚城给那些客人搓脚的小年轻穿的么？感觉像是跆拳道的装备，其实要薄的多，扒拉起来特别方便

    “额这位姐姐，是要我去做按摩吗？我不会啊！”的确，如果是去做服务业，这个问题很值得我深究。

    那女孩子似乎比白领女人稍微热情一点，她冲我神秘一笑，“放心，这种服务是个男人都会！不过，你的身体得吃得消。”

    “身体？”我自豪的也就是自己的肌肉了，当即拍拍八块腹肌的肚子，“放心，我的身体杠杠的，每天都锻炼，一拳都可以打死一头牛！”

    说这话我也不害臊，外边两个壮汉就直接可以把我给放倒

    换好衣服，女孩又带着我来到门牌是“三零八”的包间门口，她脸色并不是那么的好看，想要说些什么，却又欲言又止，最后从兜里掏出一个小瓶子，递到了我的手里，“你要是撑不住，就把这药吃了吧！里面的人给你吃的东西，千万不能吃！”

    我有些莫名其妙，在社交方面智商属于零下几度，根本就搞不懂这小女孩再说什么。

    “按摩一下也废不了什么力气，你就放心吧！哎，这个小瓶子里的东西是什么，红牛吗？”我哈哈一笑，推门而入。

    “你等等！”女孩忽然拉住了我，递给我一个文件夹，上面夹着一张表格和一支笔，“出来的时候，记得叫她们打分，你会有提成的。”

    “提成呵，算了吧，我是来还债的。还完钱，我就可以回家了！”

    我对自己还钱的事还真不咋地上心，反正今天该玩也玩了，该爽也爽了，吴雨晴给自己的钱，也都在口袋里没给扒走呢！虽然挨了一顿打，不过哈哈，赚了！

    拿着表格，我大步踏入包间，里边设计的十分有爱。一入门，就是一个三十多平方米的大客厅，三张水床并排列开，边上的柜子桌上摆满了各种化妆品和面膜。吊顶灯是漂亮的水晶挂链，偌大的超薄液晶电视机就跟油画一般挂在墙壁上。

    “奢侈”我还没说完，忽然从房间里走出三个只穿着浴袍的女人，袒胸露乳，春光外泄，直接把我给看傻眼了。
   
    ()“恩，你是给我们做服务的？”黄发的少妇上下打量着我，眉宇间露出一丝鄙夷之色，“长得太难看了，你们就没安排其他人吗？”

    老子难看？！我日，这话我怎么这么不爱听？！要不是看在外面还有几个大个子在守点，你以为老子要这样惦着脸皮子给你们臊么？

    “咳咳，几位小姐，不知道需要什么服务吗？”我不清楚自己到底是

    那三个美少妇对视一眼，上前便硬生生的把我摁进了房间里。

    “三位大姐，你们这是要干什么？！”我扒拉着自己的裤子，满脸的尴尬。

    眼前的三个女人，都算是上上之资，再加上那惹火的身材，丰乳肥臀的确够吸引人的。只不过，一下子面对三个虎狼年纪的饥渴少妇，我的确有些心头骇然。

    “小弟弟，你们俱乐部不就是做这些的吗？你装什么纯情啊！”黄发的少妇捂嘴咯咯一笑，将我的一只手硬给拽在床头上，手里捏着一个蓝色的三角药片，“我们姐仨还伺候不了你么？来来来，把这药先吃了！”

    另外两个女人，一人拽着我手，一人摁住他的脑袋，咯咯咯的笑个不停。显然，对于这种强迫戏，她们感觉很刺激，也很带劲儿。

    “小弟弟，你还真是很傻、很天真！咱们都点了那服务了，你居然还要跟我们装？快点，张嘴！”

    靠，我可是个爷们，好赖也是个带把的，你们三个点的服务，算是什么鬼？！

    我挣扎开来，恶狠狠的哼道：“放开我，有种一个一个的来！士可杀不可辱，就算我是做服务业的，也是也有尊严的服务人员！你们这是在侵犯，是在践踏我的尊严！”

    “嘿，这可是你说的哦！”黄发少妇松开我，另外两人也同样缩回了手。

    三个少妇似乎很有默契的相互看了一眼，跳下床沿，围在床边，那眼神就像是邪恶的母狼，在捕捉一只温柔的小公羊！

    我似乎明白了自己到底是来干什么的他妈比啊，老子被卖了！这三个少妇，显然就是来嫖的，原来这就是传说中的大活！

    我倚在床头上，见几个少妇晃动着大白兔，朝自己桀桀冷笑，心里豪气一发，怎么说我的小伙伴都经过了第二次发育，还能怕了你们不成？！前面四个小妹都给我干趴下了，也不差你们三个！

    想到这里，我就不由得一阵自豪，不仅不后退，反而主动的迎了上去，一把子将上衣给卸了下来，“几个小娘们，真当你们是老虎狮子了？呸，今天就看老子拳打东山猛虎，脚踢南海恶蛟！”

    三个女人好笑的互相对视了一眼，黄发少妇推了我一把，“姐妹们,上！让这小子知道咱们的厉害！”

    另外两个少妇纷纷笑了起来，搓着双手，渐渐把圈子缩小，眨眼之间，一人的手便碰到了我的裤子，得意的笑了起来。

    顿时，六只手犹如章鱼的爪子似的往下扯着我的衣服。

    我一动不动，任由几个少妇扒掉自己的衣服，心里早已打定了主意：敌不动，我不动；敌若动，我乱动！

    虽然是如此，可我的双手却没有闲着，在三个少妇扒自己衣服的同时，一双魔爪却在几个少妇凶悍的大白兔上流连忘返，惹的几个少妇娇呼不止，纷纷斥责我耍流氓。
   
    (不趁机占你们点儿便宜，都觉得对不住自己被扒下去的那些衣服。

    不一会儿，把我的衣服脱完，那一根硕大的小伙伴立刻呈现在几个少妇面前

    “嘶，好大的家伙！”三个女人同时倒吸一口凉气，吃惊的望着我小腹下那根正冲着她们点头的凶悍大枪，眼中无比的惊愕，一下子纷纷后退几步，捂着小嘴吃惊不已。

    我拍了拍自己的小伙伴，器宇轩昂的说道：“三位姐姐，不是说要把我就地正法么？来呀，来呀！”

    “你．．．你别动，不就是家伙大点么，了不起啊！”黄发少妇擦了擦嘴角的口水，惊声不已。

    我看着她们，一个箭步蹿了上去，目标直指黄发，拽住她的胳膊，牵到床沿边上，用力一推，黄发少妇骂了一声，马上趴在了床沿上。

    我哈哈一声，掀起她的浴袍，一把除掉所有的障碍，挺身直入，把小伙伴送入了该去的地方。

    “啊”这少妇顿时一声哀嚎，拼命的扭动着身子，然而只是片刻的不适，随之而来的便是压抑的哼唧声，看的其他两个少妇目瞪口呆。

    不一会儿，黄发少妇从呼痛挣扎，到埋头的哼唧，分明是化悲惨为舒爽，肆无忌惮的享受着我蛮横的冲击。

    我忽然发力，速度增加两倍不止，黄发少妇差点没给干懵死过去，只不过二三十下，就败下阵来，身子几乎完全瘫软下去，娇躯足足颤抖了四五分钟，这才度过那云端潮海的余韵。她奋力的爬到床上，脑袋枕在被子上，呼呼的喘着粗气，脸颊上更是如火一般滚烫发红。

    看了另外两人一眼，我终于觉得自己在今天算是当了一回爷们了，心里的怨火似的得到了很大的纾解，嘴角划过一丝意犹未尽的笑意，“轮到你们了！”

    两个少妇齐齐吞咽了一口唾沫，不由自主的往后退去。可是，接下去的，却是一连串的惊呼和娇喘

    半个小时后，我穿好衣服裤子，手里拿着一张表格，低声说道：“喂，你们醒一醒，要给我评个分啊！”说着，我将表格和笔递到三个还处在余韵的少妇面前。

    这三个女人横七竖八的躺在床上，满脸的潮红，嘴里吁吁的喘着粗气，连提起比的力气都没有了。

    “你你自己自己打个满分吧下次，下次我们还还找你！”黄发少妇吃力的抬起眼皮，看了一眼我。

    “嘿，好说，那啥，谢谢惠顾！”我很自豪的为自己的服务评价，在满分的一栏画上了勾，继而一鞠躬，悄然离开了房间。

    之前给我递衣服的小妞还在门口，见我毫发无损的出来，颇有些惊讶，“你，你居然还能走出来？”

    “不走出来，难道爬出来么？”我笑笑，将手里的表格还给她，“喏，满分！”

    “什么？满分？！”小妞似乎很吃惊，连忙拿着表格走进包间，不一会儿，便兴致勃勃的走了出来。

    “喂，你是怎么办到的？里面那三个女人是我们这里的老客户了，品位非常挑，这半年来可是第一次打满评啊！”小妞挺开心的，对我伸出了手，“我叫陈晓薇，你跟我去见总经理吧！”

    “见总经理？”我微微一愣，“不是说做完事就可以走了么？你们难道又想赖我？”

    “不不不，只是带你去领提成。”陈晓薇转身扭动着丰满的翘臀，带着我朝二楼走去。

    还能拿提成？哈哈，这一下把我给乐坏了，屁颠颠的跟在陈晓薇身后，心里居然觉得挺高兴。
   
    (里面大约有四五十平方米，外面是客厅，摆着一张楠木大茶座，一看就知道价值不菲。里边被一张屏风给挡住了，似乎是个办公室。

    陈晓薇上前，手里拿着表格，轻轻敲响了房门。

    “胡总，南叔那边交代做活还债的人已经带来了。他不错，拿了个满评，还是接了那三个老挑刺的女人的大活儿！”

    陈晓薇的话很轻很柔，却不带什么嗲，听起来十分舒服。

    “恩，让他进来吧！”办公室里传来一阵威严的女性声音，感觉就跟踩着脖子的鸭子，故意装出来的威严，很是别扭。

    “胡总在里面，你自己拿着表格进去！”陈晓薇朝我微微一笑，将表格送到我的手上，然后自己坐在客厅里的沙发上，一副翘首以盼的模样。

    我知道她这是要等我出

    这是一间装饰豪华的办公室，高高的天花上是多层水晶吊灯，每一根柱子都纹饰上镏金边，每一边的接镶处都是繁复的罗马风格流苏，四面的墙壁上挂着色彩绚丽的油画，在中央的书桌后坐着一位戴眼镜的女人，身后巨大的书架堆满了书籍，似乎可以要彰显她不凡的学识。

    这个女人大概三十多四十岁，眉宇间的阴霾很重，虽然保养的还不错，可是没有一点成熟妇女的诱惑，看上去就跟《还猪格格》那邪恶的皇后娘娘似的。

    “你就是叶小飞？”那女人也不抬头，拿着个计算机，对着摁个不停，好一会儿，才抬起头来，对我点了点桌子，“把评分表给我！”

    “是！”我连忙递了过去。

    那女人看了看表格，然后在计算机上摁了两下，翻开抽屉，沉声说道，“你欠龙华那边一万块钱，这次的出台费是两千，客户选取的是特殊服务，出台费再加一千八百，三个人一共是一万一千四百元。也就是说，你能分到五千七百元。另外，还有满评奖励，你这属于一挡服务，满评奖励一格两千，三个女人都是满评，也就是六千元。我们公司规定，所有出台第一次满评都是百分百的抽成，所以你这次出台一共能获得一万一千七百元扣除你欠龙华的一万，还有一千七！”

    说完，这女人从抽屉里拿出两叠钞票，放在桌子上，“这是两千块钱，拿了就滚吧！”

    我奶奶个胸，这这不是开玩笑么？！他妈的他妈的居然不仅还掉了一万，还有两千块拿？！天呐，天上掉馅饼了么？！

    见我傻逼般的看着那两千块钱发笑，那女人有些不耐烦了，“你要不要？不要我收起来了！”

    “要要要！”我连忙上前，将两千块钱收入囊中，感觉就跟做梦似的。这里是天堂，绝对是天堂。

    一想起今天的遭遇，我心里那种憋屈和难过，居然瞬间飘散。白白嫖妓，免费吃喝，虽然挨了一顿打，可是转头来自己里外里从一千二的家当，转眼变成了五千块！

    “你还站在这里干什么？快滚，看着就烦！”那女人低着头，也不瞧我，只是皱着眉头，沉声喝道。

    我是想走来着，可是脚步挪不动啊！脑海里想起那个包养小的富家胖子，心里的不甘又蹿了起来。

    妈拉个巴子，老子也要做有钱人！既然外面那么难混，老子为什么不可以待在这里？老天爷让我的小伙伴今天觉醒，肯定就是为了接受这份工作的！

    虽然心里也清楚做鸭不体面，可我还是非常不要脸的下了决定。

    “胡总我我想留下来！”
   
    (

    我清理了一下喉咙，然后高声说道，“胡总，请让我留下来，我需要这份工作！”

    “你？！”胡总终于抬头了，不过眼神带着一丝不屑和蔑视，“叶小飞，你没在开玩笑吧？你知道进入我们俱乐部的最起码的一个条件是什么吗？你就凭你不行！”

    妈的，男人怎么能被说不行？虽然我是个软蛋，那是因为我在肌肉男面前有天生的恐惧感。可是在女人面前，绝对拥有超级赛亚人般的自信！

    “胡总，你看我都获得过一次满评了，求求你了，给我一份工作吧无论让我接待什么客户都可以”我半趴下来，带着淡淡的哭音乞求道。

    唉好吧，我就是软蛋，不管在什么人面前，我都是软蛋只不过，我真的需要这份工作，不仅仅是为了钱，更是为了生存。说实在的，我已经快要失去找工作的信心了。

    我是乡下孩子，却偏偏肩不能坑，手不能提。在大学，花了四年时间学了个莫名其妙的汉语专业，又花了三年念完硕士，结果一出来找工作，人家电视台或者语言研究所根本就不招男生。大部分的领导，似乎还是喜欢露出白乎乎大腿儿的姑娘。

    我也想过找个随便点的工作，可是一开始的实习期只有那么几百块钱，在现在的社会，这些钱够干屁啊！

    越挑就越找不到，越找不到就越挑结果，我不仅丢了原来的工作，直到现在都处于失业阶段。

    所以，我一定要个工作，要个既能赚钱，又轻松的工作！

    这个想法有点贱，这个工作也有点贱，说出去挺抬不起头的。毕竟，等到几年后的同学聚会，人家说起来，“我开公司的！”“我做设计师！”“我开酒店！”，然后我突然这么冒出一句：“我做鸭的！”，估计会笑死一大片人吧

    见我傻在办公桌前不说话，胡总微微露出一些笑意，不过很快就又板起脸来，沉声问道：“我们俱乐部，最起码的标准，那就是身材和脸蛋。你觉得你够帅吗？你达到一米八三标准身高了吗？我看，好像都没有吧！”

    “我我不够帅”这个话题让我很尴尬，说实在的，我还是蛮萌的，只不过天天风吹日晒，不好好吃饭，搞得皮肤很枯黄。站在原地憋了半天，我忽然脑子一闪，脱口而出一句，“胡总，关了灯不都一样么！”

    “你！”胡总显然被我这句话给撩的又好气又好笑，那酥胸上下起伏了一阵，随后点着桌子冷声哼道，“叶小飞，你太天真了！”

    “胡总我，我是大学生，有硕士学位！”我想了好一会儿，终于想到自己一个比较说得出口的东西了。

    “哦，硕士学位？”胡总那一对挺漂亮的大眼睛忽然眯了起来，在眼角的折射下，我似乎看到一股子黑气在弥漫。

    “是是啊，硕士硕士学位”不知道为什么，我的两腿有些发抖，心里也有些害怕。难道胡总有硕士学位恶心症，一听到这个名词就会杀气暴涌？

    胡总点了点头，又轻轻的摇了摇头，“硕士学位，能吃么？这说明不了什么叶小飞，你如果没办法给我一个理由，我不能留你！”

    理由妈的，理由！我上哪里去找理由啊我一个穷牛要背景没背景，要实力没实力，除了今天算是爷们了一回儿，跑来嫖妓玩女人，什么时候硬气过？前些时候还在吃女朋友软饭呢额，等等，玩女人

    忽然，我想到了什么，一下子把裤子给扒了下来，然后站在椅子上，将小伙伴直接给撸醒，硬挺挺的对着胡总，大声叫道：“胡总，这就是我的理由！”
   
    (

    “你你这个流氓！给我放回去！”胡总的神色终于变幻，脸颊子就跟火烧云似的，很快就红得不行。

    我讪讪的笑了笑，连忙从过激的反应中恢复过来，把小伙伴一把塞回裤裆里，只不过那搭帐篷搞得我很不舒服。

    奇怪了哈，今天放了三炮，御了七女，居然还能如此雄壮。我的男人风，当真是霸气啊，这将给多少女人带来福音和快慰？！

    只不过，迎接我的可不是女人的欢呼雀跃，胡总站起身一巴掌就把我给掴到座位上。她真的生气了，银牙紧咬，眉宇间的煞气越

    “叶小飞，你个白痴！你你给我滚！”胡总怒声大喝，转身就要操起笔筒朝我砸来。

    哇靠，你当小爷是泥捏的不成？！有钱了不起啊，做老总了不起啊，他妈的是你叫我给个理由的好不好！

    我只是在心里大骂了几句，然后抱头鼠窜，夺路而逃。

    外面的陈晓薇听到办公室里传来的怒骂，随后见我匆匆忙忙的奔走，知道我肯定是惹胡总生气，便去拍胡总的马屁了。

    我傻逼了，出了门这才想到，在这个地方做大老板的，不一定是鸡啊！他妈的，谁说妓院里的妈妈，都是妓女出身的？！

    在二楼的走廊上来回溜达，不敢下楼，也不敢再进去，心里纠结跟麻花似的。

    等了半个小时，陈晓薇面带微笑的走了出来，见到我蹲在墙角抽烟，先是眉头一皱，继而低声说道，“看来你还有点觉悟，没有立马就离开。好了，你跟我去人事部做登记，我们俱乐部将在接下去的一周里，对你进行各种培训。随后，试用期一个月，底薪一万，没有提成，直到正式录用再恢复！”

    我的脑袋顿时轰鸣起来，这这又是什么情况？居然，胡总居然留下了我？！天呐，老子在这里没有走，是因为你陈晓薇不出来，没人带我下去，我怕怕啊没想到，真的没想到，老天爷你开眼了！

    胡总，您就是我的伯乐，我回家就把您供起来，一天三餐三炷香！

    底薪一万，靠翱这是要奔械的节奏啊！

    对于全身家当加起来只有五千块的我来说，底薪一万不易于天文数字。可是现在居然活生生的就出现在我的生活里在此，我不由得想要大声对世界呐喊：我他妈的终于成为鸭子啦！

    唉我是个不要脸的人。不过我相信，在如今这个人为刀俎，我为鱼肉的社会，百分之八十的男人，恐怕都考虑这个职业吧？只可惜，他们这些人没有门路，否则绝对会义无反顾加入咱们这鸭子大队伍的！

    “薇薇姐，我真的能留下？”我立马换了称呼，将陈晓薇称为姐，即使她的年纪比我还要小四岁。

    “恩，胡总说你是个被大粪包住的金子”陈晓薇很认真的点点头，然后微笑着伸出了手，“如果没意外，以后我们就是同事了！好了，跟我去人事部吧，大粪金！”

    不知道陈晓薇这句话到底是在夸我还是在损我。只是我不明白，做这种行业居然也要培训？嘿，真是世界之大无奇不有。

    下楼的时候，看着陈晓薇那扭来扭去的翘臀，我可耻的又硬了
   
    (办公室里边清一色的女性，穿着打扮都很正常，跟外面小公司的白领无异。

    陈晓薇显然是这家俱乐部的老员工了，里面八个人一见到她，就立马热情的打起了招呼。

    “薇薇姐，这么有空呀！咦，这个小帅哥是谁？”

    “不会是新钓的凯子吧？”

    陈晓薇摇摇头，敲了敲里边的隔间，“你们大姐大在不在？”

    “大姐大？额”一个染着蓝色头发的小妹脸色微微有些尴尬，指了指楼下。

    我看不懂，这难道是什么暗语？

    陈晓薇一滞，气呼呼的哼道：“那个骚狐狸，是不是又忍不住跑去偷吃了？”

    “薇薇姐，这可是你自己猜到的啊，跟我们没关系！”蓝发小妹连忙摇摇手，将这件事撇干净。

    “我知道了。哼，正好！”陈晓薇对我勾了勾手指，让我把身份证拿出来，然后抛给蓝发小妹，“先打上登记，我带他去上培训的第一堂课！”

    我有些纳闷，现在现在他妈的都十一点多了，这就去上培训课了？这不是坑爹么，我连这家俱乐部叫什么都不知道！这是什么企业啊，先给我说一说公司的文化好不好！

    处于阶级最底层的我，并没有什么发言权，所以我念念不舍的看了一眼手持身份证的蓝发小妹，心里只希望她不会拿我的身份证涂鸦。

    又跟着陈晓薇来到一楼，从大跨走廊穿过，此时在大门外已经是不断有一些妇女朝里边而来了。土鳖的我带着淡淡的羞射，嗅着这走廊里的芳香，昏头昏脑的走着。

    陈晓薇在一零一号包间门口停了下来，然后轻轻的敲了敲，继而用一张磁卡打开房门，还不等我有反应，一下子把我给推了进去，冲着里边喊道：“陈悦姐，人来啦！”

    “哈哈，老娘等了这么久，终于来了！”里面传来一阵欣喜的笑声。

    咔嚓房门关上，房间里黑摸摸的，什么都看不见。我站在大门口，傻逼似的伸出手掌，靠，这就是传说中的伸手不见五指！

    “是哪个小弟啊？来，姐姐疼你！”

    就在这个时候，我好像被什么东西给抓住了一般，快速的被扯进房间。紧接着，我感觉自己躺在了一个软绵绵的床垫上，一具软乎乎的身体，直接紧紧的贴住我。

    我感觉的出来，这是一个非常成熟的女人，屁股圆润，柔软，身材应该不错，因为我没觉得她肚子上有赘肉。顿时，心里的那股子担忧就放了下来。

    还好还好，不是个老姑婆，否则我就亏大发了！

    “小弟，你好勇敢，所有人都知道我陈悦胃口大，你居然还敢上门来）咯咯，你叫什么名字呀？”陈悦嘻嘻的笑了一阵，将胸口的两堆肉顶住我的脸，磨来磨去。

    “我我”

    “随便叫什么吧！哎呀，姐姐不行了，憋的难受！小弟，你快来帮帮我！”

    陈悦用力的用那对丰满得要命的奶子顶着我的头，憋得我缺氧，用手猛地一推，用力挣扎开来，“妈的，憋死我了！”

    陈悦早已经迫不及待的伸手扯掉了我的裤子，抓着了我的小伙伴，在噗一接触的那会儿，陈悦顿时手就缩回去了，俏脸上布满了惊愕的神情：“你你的，怎么那么大？！”

    “额这是天赋”我不知道怎么回答。

    陈悦心神一阵荡漾，立马迫不及待的崛起臀部，将我的大伙伴递到洞口子外，哼哼唧唧的摩擦着，嘴里说道：“小弟，快来，快来。不过，你可要轻点儿，姐姐没被那么大的东西干过”
   
    (虽然房间里一点光都没有，也看不见，可是我能很清楚的感觉到，自己胸膛燃烧的火焰，已经再也无法控制了。

    当下，操纵小伙伴，猛地一下就便刺了进去。

    陈悦“哎哟”叫了声娘，身子连带着脑袋一下险些趴到地上，拼命挣扎着抬起头来，倒吸这冷气着骂道：“你个狠心的小兔崽子，告诉你慢点了，你咋还死命的往里冲，疼死老娘了！你这么粗鲁，以后你老婆保准给你戳烂！”

    我只觉得自己的家伙事被一团紧凑的温热包围，说不出的舒服，随着陈悦的臀部摆动自然而然的前进后退。

    陈悦经过最初的不适之后，已经慢慢的习惯了我的大家伙，从未有过的充实感袭上心头，动的更加欢快。

    “陈姐，我这兄弟的功夫还算不错吧？”我嘿嘿笑道，低头看着陈悦翘臀，忍不住伸手在上面拍了一巴掌。

    “啪！”的一下，顿时引得陈悦一阵娇呼，“唉哟，唉哟，你这臭小子，这要是干什么？！想痛死我么？”

    我发出一阵自豪的笑声，“陈姐，现在我控制不住自己了，你先忍着点吧。俗话说的好，先苦后甜，说不定疼过了以后，就会带来说不出的感觉！”

    “老娘不是受虐狂，见鬼去吧！”陈悦破口大骂，却又怕把我惹恼，不认真跟她做这事儿了。

    现在陈悦心里委屈极了，知道我不可能放开她，只能压抑着自己的痛呼，默默的承受着，心中唯一的希望就是像我说的那样，痛过之后便可以享受人间最为快乐的事情。

    可是，我现在根本就是在折磨陈悦，时轻时重的力道，根本就不给陈悦丝毫的喘息之机。谁知，就当陈悦几乎快要撑不下去了的时候，痛感渐渐被一阵阵的酥麻所代替。

    顿时，陈悦欣喜若狂，那种带着阵阵疼痛的酥麻感，真的非常舒服！

    “恩恩恩”渐渐的，陈悦的痛呼变成了勾魂的叫声，声声勾人魂魄。我也是猛然间一愣，没想到自己这么用力的冲顶，她居然还能够有感觉，当真是受虐的娘们儿！

    “陈姐，感觉怎么样？”我的呼吸越来越浓重。

    陈悦脸泛红晕，低声道：“好，很好，现在不疼了好好舒服！”

    “那就好！”我呵呵笑了笑，开始放慢了速度。

    忽然，陈悦就好像少了魂似的，叫道：“别，别停啊，继续啊，继续”

    继续个毛线啊，你爽了，老子一直啪啪啪，你当我这是黄瓜茄子任凭鞭挞么？我也要缓冲的好不好？！

    我不动，陈悦却有些受不了了，怔怔的看着我，忽然低叫一声，嗖的一下朝我扑了过去，动作快了让我根本就没有反应的时间。

    我一个防备不及，被陈悦一扑扑倒在了地上，只见陈悦疯了似的去撕扯我的衣服，“你这个死小鬼，把老娘招得火起，你就不干了？没事消遣老娘，老娘自己来！”

    靠啊，老子只是稍微喘下气而已，没想到你这娘们居然骚成这样，还敢主动进攻？！

    既然陈悦主动，我自然不会消极备战，翻身一转，一个旋身把陈悦摁在的身下，忍着那一股子火气，强笑道：“陈姐，你要不要这么急啊？”

    “急你个大头鬼，你到底干不干？！”陈悦脸颊上一片火红，不知道羞的还是恼。

    “嘿嘿，我就想要看看，你到底能坚持多久！”我嘿嘿一笑，反而还先忍住了扒拉猛杆的冲动。

    陈悦被我说的脸上一红，沉默不语，想要跟他比比谁能熬。然而那股子冲劲仿佛一股热流，在身体里冲来冲去，搅得心里发痒，浑身发麻。

    过了不到半分钟，陈悦向我低声求道：“小弟，算姐姐求求你了，真的别再挑逗姐姐了给我，给我吧！”

    我顿时大喜，没想到啊，我居然在这方面如此有天赋，调情的节奏无师自通！
   
    (不仅找到了工作，还开始了人生的第二春。难道这就是传说中的，不在失恋中澎湃，就在失恋中变态？

    那我究竟是澎湃还是变态？额应该两者兼及。反正从今天晚上开始，我的生活就全部改变了。

    强行忍住的心火，随着陈悦的话音落地，我立马全面爆开来，一张还算是俊秀的脸颊瞬间变的火红无比，目光变得极为凌厉，如蛟龙，如饿狼，如色情狂，看着就让陈悦从心底深处打颤。

    “陈姐，我要开始真正的进攻了啊！”我发出了一声低吼。

    陈悦闻言，脸上一片绯红，率先搂着我的腰肢，自己的身体贴着他拱来拱去，“你等什么呢！”

    “满足你的愿望，我来了啊！”我哈哈的笑了一声，骤然向陈悦动了进攻。

    “滋溜！”

    “啪！啪！啪！啪！”

    不到五下，陈悦大声嗷嗷叫了一声，马上展开自己的手段，极力的主动索求。当然，我一开始也没有非常粗暴，不然陈悦还真不能应付的了！

    忍着那撕裂的痛苦，又享受着无尽的舒爽，陈悦心里的火焰升腾燃烧，四肢蛇一般的缠向了我。

    身体被陈悦缠住，我顿时愣了愣：哗擦，这娘们儿居然还敢主动进攻，小爷不拿出点儿本事儿来的话，对不起自己憋了一天的火气了啊！

    我心头火起，伴随着身体内燃烧的火焰，全力突进，瞬间变成了单方面的进攻！

    陈悦感受却又不同，每每自己准备好了迎接下一次冲击的时候，谁知我居然停顿片刻，又给她来一个突然袭击，虽然心里有些不爽，却根本无法抑制身体的反应，第三次冲击波过来以后，陈悦终于忍住大声叫了出来。

    “啊！”

    这一声叫得也忒响亮了，我连忙停住动作，拿手捂住了陈悦的嘴巴，低声道：“陈姐，你小声点儿，我这还没干用力呢，你叫这么大声干什么？”

    我能忍受的住，陈悦却不行，脸红的眼睛都快睁不开了，半眯着眼睛望着我断断续续的说道：“小弟，太深了你你轻点，轻点！”

    可是，嘴里呼痛，腰肢却是不停的摆动，撩得都要喷火了。她反客为主，我自然也不会顾忌，低吼一声，用力的压了上去。

    陈悦从来没有承受过这么凶猛的进攻，即便是前天与外国男人的那一次，比起来现在来也是小巫见大巫。

    外国男人别看粗狂，可是持久性不好，剧烈的运动让他们往往会扛不住多久。而亚洲的男人虽然短小，却精悍的多，一搞搞个几小时，是家常便饭。而我，则是拥有了欧美男人的狂野，兼及了亚洲男人的毅力，一通乱顶乱撞，将陈悦弄的欲仙欲死。

    “嗯，嗯啊！啊”

    现在，陈悦在承受我凶猛进攻的时候，只会出的这两种声音，除此之外，房间内除了浓重的喘息声，便只剩下了啪啪的撞击声，就像有人在一旁鼓掌加油似的，听起来格外悦耳。

    此时的我也陷入了疯狂一般，在陈悦的身上肆意的折腾，全身上下汗如雨下，随着每一次的进攻突袭，汗水随之飞溅。陈悦早就已经失去了自我，沉浸在我的一次次进攻之中。这一番我和陈悦战斗激烈，空前未见！

    我也觉得陈悦的战斗力不是盖的！在此之前，自己已经跟七个女人做了，不过那还没多久呢，就把那些女人给打得缴械投降。可是，陈悦居然硬抗了这么久，似乎并没有认输的节奏。

    这个女人，强悍如斯！不由得，我那闷骚的小心脏，开始佩服起她来了。

    战斗依然在继续，陈悦不知道自己被抛到了多少次巅峰妙境，只觉得自己一会儿飞了起来，一会儿又在我的强猛火力下坠入地狱，两种极端的所在就好像冰与火一样，让陈悦彻底感受到了作为女人的猛烈幸福感。
   
    (

    “啊！这次真不行了”

    陈悦突然尖叫一声，身体随之一阵颤抖，双臂紧紧的抱住了我，长长的指甲几乎掐进了我背后的肌肤中。

    我却依旧没有停下动作，虽然背上被陈悦掐的火烧火燎的，但是那进攻的爽意已经完全在全身散开了，不管不顾的只管进攻，不停的进攻，不把对方的阵地彻底的拿下来，决不罢休！

    我凶猛依旧，陈悦此时却已经完全承受不住我的进攻，哀求道：“小弟，歇会儿吧，我实在是不成了，再干下去的话，我马上就要死了！”

    我现在哪里管得了这些，然而陈悦趁我一个冲刺后的间歇，猛地一把将我推了下去，身子中随之感觉一阵空虚，仿佛有什么东西被抽走了似的。

    陈悦呼呼喘着气，双手护在身上，防备着我我再次压上

    我正舒服呢，却没有想到陈悦这娘们儿玩起了过河拆桥的游戏，自己爽了，马上就把自己推开，真是太没有职业道德了！

    “陈姐，你这是干啥？”我大声问道。

    陈悦呼呼喘息着，“小弟，真不是姐不让你舒服，只是你能不能让我歇会儿，你实在是太强了，我根本就承受不住啊！”

    我皱了皱眉头，“陈姐，先前是谁说胃口大来着，现在我想放开手脚的和你快活，你又变卦了，招呼都不打一声就把我推了下来。”

    陈悦脸上闪过一丝歉意，虽然对自己极为自信，但是像我这样强的战斗力，她还是第一次遇到。“小弟，我不是说了么，让我歇会儿缓缓劲，这么下去的我真的要吃不消了！”陈悦的表情在爽感过后，换上去的却是无以言表的痛楚。

    我靠在床头上，小伙伴依旧仰天怒吼，不由得低低的叹了一口气，从一旁摸索着抓起衣服裤子。

    陈悦急了，还以为我要走，连忙说道：“小弟，我是真不行了，要不然你等我歇完了，再给你继续折腾好不好？”

    陈悦此时虽然全身酸软无力，但是看到我要走，忙不迭的起身拦住我，说道：“小弟，姐姐不知道你今天这么厉害，如果知道的话，我就提前吃点药了。你就委屈一下嘛，等我恢复过来咱们继续！”

    “陈姐，你确定你还能继续？”我一脸戏谑的问道。

    陈悦咬了咬牙，看着我道：“放心吧，只要让我稍微休息一会儿，就算是死，都不把你推开了！”

    “好吧！”我点点头。

    陈悦连忙抱着我，轻轻的抚摸我的身子，用舌尖几乎给我洗了个澡。

    十分钟后，休息完后接着再战，陈悦觉自己居然越来越经不起我的折腾，没两下自己又败下阵去，而我依旧雄纠纠气昂昂的不肯离开，偶尔还要动两下。

    陈悦在愉悦和煎熬双重的折磨中，又慢慢的熬过了几分钟。

    “陈姐，你要是撑不住的话我还是走吧！这么整来整去，你倒是舒服了，我可就郁闷了啊，难受的要死！”我不满的抗议。

    陈悦身为过来人，哪儿能不知道我现在所要忍受的憋屈呢，但是我确实太过凶猛了，她今天都已经是超常发挥了，居然还不能让我舒服。

    陈悦可真是怕了我，心里暗道，若真是跟这个小子生活在一起，就算再厉害的女人，不出三天铁定是要去掉大半条命的。

    可是，陈悦却又不想我就这么意犹未尽的离开，便带着颤音对我道：“姐姐实在是不行，今天被你弄的就元气大伤，没有几天恢复不过来呢，再弄真要让你弄死了！”

    我嘿嘿的一笑，“没办法，谁让我是金枪不倒小郎君！陈姐，你自己看着办咯！”
   
    ()“怎么办？”陈悦强自撑起身子，嘻嘻朝我一笑，俯身压在了我的胯间，托起一对硕大的玉兔儿，夹住了我的小伙伴，“那么这样呢？”

    “噢！这也可以！”我脑袋一空，顿时舒服的哼哼唧唧起

    半个小时之后，我舒服的低吼一声，释放出精华。而陈悦却是精疲力竭的仰头一倒，有气无力的耷拉下脑袋。

    舒服的哼哼了两声，我将陈悦一把抱了起来，放在自己怀里。陈悦身材丰腴，没有多少赘肉，最让我难以释怀的还是那两团硕大的玉兔儿，当真是让人浴霸不能！

    好一会儿，陈悦悠然转醒，哼了一声。我咧嘴一笑，“陈姐，你总算醒啦！”

    “还不是你，我都快死了”陈悦话说了一半，脸色骤然一变，她感受到我那坚挺的小伙伴，还是那般的雄伟坚硬，顿时吓得花容失色。

    我看了看捂着胸口，一脸戒备望着自己的陈悦，暗暗摇了摇头，这娘们儿看来是坚持不下去了，要是再搞下去，说不定真会出人命啊！

    “陈姐，我看今天就到此为止吧，再折腾下去的话，对你身子没什么好处！”我让陈悦翻身坐起，自己则穿起了衣服裤子。

    陈悦闻言一愣，“小弟，你不会是嫌弃我了吧？”

    我苦笑着掉转过身子道：“陈姐，瞧你说的，我这不是怕把你身子搞坏的么？现在看你这样，怎么坚持下去，还是等以后再说吧！”开玩笑，估计在来三个都应付不了自己，单单一个人若是任自己折腾下去的话，十成十的会要了她的小命。

    陈悦心中的欣喜，在看我的脸上亲了一口，“小弟，你真好！”

    我呵呵笑道：“陈姐，你放心吧，我说了不会再折腾你，说话算话！”

    陈悦捂嘴一笑，“小鬼头，搞得你有多厉害似的！姐姐是今天没状态，等过些时候，我们再好好的玩玩！”

    房间里依旧是漆黑一片，我到处乱摸，穿起衣服裤子，“恩，等以后有机会的话，咱在继续！”

    陈悦忙不迭的点头，心理道：这小祖宗真是个小变态，自己在他面前根本就只有招架之功，毫无还手之力了。以后若是他还来，是不是叫上其他人来帮自己呢？

    我穿好衣服裤子，嘿嘿笑道，“陈姐，是不是开下灯啊，我都不知道你长啥样子！”

    陈悦有气无力，“开什么灯啊！咦，等一会儿，你不知道我长啥样子？你”

    “哦，我是今天来应聘的。薇薇姐让你给我上第一堂培训课，不知道我表现怎么样啊？”我可不敢说自己是没钱付账，然后被拉来做炮灰的小二逼。

    “你是新人啊！”陈悦恍然大悟，“怪不得，我说怎么俱乐部里没有试过你这么厉害的，还以为你是从其他分区调过来的呢！行啦，这趟培训课你满分！回头我跟江姐说说，一定要把你留下来！”

    我心里一爽，伸手摸向她那两座高耸，谄媚的笑道：“谢谢陈姐，谢谢陈姐，我以后有空一定多跟你交流交流嘶，你的真大”

    陈悦脸一红，刚刚可是没少让我的小伙伴在上面肆虐，不由得一恼：“小鬼，再嘲笑我，以后不给胸推了！”

    嘴里虽然这样说，可是那副神情根本就是依依不舍的模样。毕竟，我带给她的那种飘在云端的感觉，是她这辈子从未享受过的，是以心中对我的凶悍有些畏惧，但是依然希望我能经常过来与自己享受鱼水之欢。

    陈悦穿好了衣服，却依旧没有打开灯，只是在床上躺着。她是真累了，我也不再打扰，走出包间。来到门外，忽然听到边上一声动静，连忙往边上看去，只见陈晓薇正在慌张的整理自己的衣服。她抬起头，深深的瞧了我一眼，就匆匆的离开。

    我一急，连忙追了上去，“薇薇姐，我们接下去做什么培训呢？”
   
    (走到人事部，此时我的档案和实习证都已经做好了，那蓝发小妹见我完好无损的样子，开口问道：“帅哥，你怎么活着出来了？”

    我这话就超级不爱听，合着我就该死着出来？！

    “我的身份证呢？”我将实习证戴在脖子上。

    “哦，身份证啊，喏！”蓝发小妹忽的嘻嘻一笑，将我的身份证递了过来。

    我泪流满面，看来人事部的工作人员，还真喜欢给新人的身份证涂鸦。他妈的，老子那张俊秀的脸呐，活脱脱的画得跟龟儿子似的。

    心里虽怒，可我还是满脸堆笑的道了声谢，跟陈晓薇离开这个鬼地方。

    “好了，你先回去吧！实习证上有刷卡条，以后你每天都要记得在衣柜边划牌打卡。”陈晓薇领着我走到大厅，指了指员工更衣室，然后小屁股一扭，就准备离开。

    我一愣，嘿，今天的培训课就结束了？

    “薇薇姐，我真的可以回去了？”我有些不确定，却不敢贸贸然的离开，只好轻声轻气的问道。

    “难道你还想留下来？”陈晓薇扭过头，双手抱肩，一副居高临下的口吻，“你今天出过几次台？”

    “额两两次”在陈晓薇强大的气场面前，我不由自主的弯下腰，唯唯诺诺的比着个二的姿势。

    陈晓薇见我如此软弱，苦笑一声，继而娇声说道，“叶小飞，你晚上已经在龙华玩了四个女人了，随后两次出的都是大活。第一次工作时长达到五十分钟，第二次达到一个小时，这种超负荷对于身体的伤害是非常大的。如果你不要命，可以继续培训。不过我建议你先摁一摁肚脐下方十公分的位置，要是觉得不舒服，还是赶紧回去睡觉吧！”

    陈晓薇说起话来很凶，也不知道是吃错了什么药，似乎从人事部那个大姐大陈悦的包间出来之后，她就跟刚刚见面的时候判若两人。

    我顺着她的话，伸手在小腹下方轻轻摁了一下。顿时，一股子空虚的微疼传来。我大惊，手劲加大了几分，结果小腹下方越来越痛，憋得我连呼吸都困难了。

    “知道难过了吧？这还算是你的身体好，如果换个人，在没有吃药的情况下，不到五个小时内玩这种大动作，基本会去掉半条命。所以，你还是滚回家吧！明天白天不用来，晚上八点准时找我报到！”陈晓薇盯着我的裤裆看了几眼，里面的神色几度变化，最终用鼻端发出一声轻哼，妖娆的转身就走，又是潇洒又是妩媚。

    我摁了两下小腹，就不去搭理了。这种情况没遇到过，也对陈晓薇说的话不太上心。

    说实在的，我的身体一直很好，就算今晚搞了蛮多女人，可实际上只放了四炮咦，这小娘皮怎么对我这么关心，难道是暗恋我了？嘿嘿嘿嘿

    我面带非常猥琐的笑容，走进更衣室，从007号柜子前找出自己的衣服裤子换上，检查了一下口袋里的钱，确定没少，心情一下子又愉悦起来。

    回到家洗了澡，躺在床上，开始对这个工作产生美好的憧憬。前途，钱途，双重肯定，夜生活也将会美满无比。

    “等老子有了钱，想干什么就干什么！小，将来你年老色衰、无人问津的时候，我会赏你几个馒头，以报答这些天找你蹭饭的恩情！”

    我冷冷一笑，自言自语了几句。就在这时候，不知道是怎么回事，我的小腹开始不由自主的颤抖起来，一阵阵空虚的痛苦将我搅的满头冷汗。

    “艾玛机巴个球，不就是四炮么！”那种连带着小伙伴都抽搐的疼痛，宛若筋脉给人用力的拽出来一般。我咬着牙在床上硬生生的强忍下来，心里冒出这一句话，“老子爷们了一回，总算尝到纵欲过度的滋味了”
   
    (这一觉睡到了第二天的中午，我被一阵酸臭味给熏醒了。原来是楼边上的垃圾站，已经开始运作。

    我租的民工房就在垃圾站边上，就在一楼，只要一开窗户，那股子酸臭味就会飘飘而入，呛得人生不如死。可是，我昨天明明是关了窗的啊，怎么会这样？

    顿时，我想起来一个恶毒的女人。

    她是房东，平时老是叼着一根烟在楼道里走来走去，就跟《功夫》的包租婆一样。只不过，她没有包租婆的大侠道义，满脑子都是钱。

    我已经欠了她两个月的房租了，一个月六百，刚好一千二。其实，我昨天身上的钞票，就是上半个月跟二楼的猪哥开赌，合伙出老千赚来还房租的。

    如果说没有找到俱乐部的那份工作，我应该会继续追着猪哥后边混，然后有一天被其他人抓到，再给打个半死，丢到大街上。

    此时此刻我很庆幸，看来昨天晚上去嫖妓还真是个正确的决定！

    “哐哐哐！”房门被凿响，外面传来了房东野猪般的大嗓门，“叶小飞，你个王八蛋，起来交房租啦！”

    不用说，我的窗户铁定就是这个死女人从外边硬生生的给撬开的！擦，如今我有钱了，俗话说：有钱就是大爷！他妈的，老子如今是大爷！

    “你他妈的叫魂啊！”我的底气

    我只租得起一间民房，就是一间八平方米的地方，一张床，一个衣柜，一张书桌再没有其他东西。房东从外面气冲冲的走了进来，将我一把推开，手里挥舞着那张看了N遍的住房合同，大声叫道：“叶小飞，你再不叫房租，小心我让你滚蛋！”

    “哟哟哟，这大中午的房东太太发什么脾气？”一具慵懒的肥硕身躯从楼梯上慢慢的晃了下来，一对大拖鞋“啪嗒啪嗒”响个不停。

    “野猪刘，你的房租马上也到期了，什么时候交钱啊！”房东太太惦着一张死人脸，双手叉腰，嘴里的烟屁股早就没有冒烟了，可她依旧吸的起劲。

    那具肥硕的身躯靠在门沿上，打了个哈哈儿，“这不是给你送钱来了么！喏，一千！”胖子甩出一叠钞票，继而对我使了个眼色。

    “哈哈，这就对了嘛！叶小飞，你看看小刘多识趣，人长得又帅，工作又稳当，我都想把我的闺女介绍给他了。快快快，你的钱呢？”房东话锋一转，又把矛头对准了我。

    “小飞，星期三我不是分给你两个月的房租了么，赶紧给房东太太，她也不容易！”肥猪刘见我不动声色，站在床边啥表示也没有，就开始有些着急了。

    “你倒是说话啊！叶小飞，你发什么愣？他妈的，你前天就有钱了，为什么今天还不交？！”房东见我的口袋鼓囊囊的，就伸手摸了过来，“那里面是什么？你不拿出来，我就搜身了啊！”

    “搜你马个逼！”我低着头，忽然沉声冒出这么一句话，顿时让房东的手停在半空中。

    “叶叶小飞，你你敢骂我？”房东有些发愣，随即恼羞成怒，转手向上，直接给了我一个巴掌。

    “啪！”的一声，我后退了一步，缓缓从口袋里翻出十几只钞票，看也不看，直接朝她的脸上摔了过去，“老子早就受够你了！你妈个比，这猪窝，老子不住了！”

    说完，我从衣柜里翻出自己最值钱的衣服，套在了身上，然后把笔记本电脑和手机一收，提起就往外走去，“那些垃圾都送给你，和你的气质很符合！”衣柜里都是地摊货，加起来不到三百，更何况是二手的。

    我昂首挺胸，器宇轩扬，那股风骚劲儿绝对远超西门庆，那股子雄壮感直接秒杀武二郎!忽然，我意识到什么，连忙跑了回去，从地上又捡起了五百块钱塞回口袋，潇洒依旧的朝呆滞状态中的房东太太哼了一声，“这是我的押金！”
   
    (活了这么多年，第一次有种出人头地的感觉，比当初考上大学还要激动！

    苍天呐大地啊，原来虐人是这种感觉啊！

    不过，在爽完之后，我的心里还是有那么点小小的愧疚。房东太太似乎也不算是太坏，除了经常来催租金，好像也没干其他什么恶劣的事情。至少她没有把我的被褥衣裤都给丢出去，然后拉另外一个人进来。

    “算了算了，这坏人我也做了，再回头只会让人看不起！好歹如今我也是出入上流社会的人，得跟这些下等人划清界限！”

    这种小人得志的心态，好像挺磨人的。只不过，在道德素质与暴发户土鳖之间，我选择了后者。

    毕竟，我穷够了，也废够了，我要做上等人，谁要是再看不起我，我就大嘴巴子抡过去！嘿嘿，到时候整个社会都在我的脚下颤簌，我想干啥就干啥，没人说不起！

    “小飞，他妈的你吃错什么药了？”就在我蹲在门口YY的时候，野猪刘从民工房的小院子里追了出来，一把勾着我的脖子，脸色颇有些忧郁，“我说小飞，你骂那肥婆干什么？好了，舒心倒是舒心了，现在无家可归，你打算干啥？”

    野猪刘好赌，却不是出老千的好手，偏偏老人家、乡下人还好，遇到会点技巧的，就会被揍惨。不过，在这栋民工楼里，野猪刘对我还不错，还曾经借钱帮我垫了一个月的房租。后来看我穷困潦倒，就拉扯着我一起去出老千，半个月大战了三个通宵，赚了蛮多。

    看着野猪刘关切的目光，我的愧疚之心又起来了，继而硬是将这种心态给压下去，摇着脑袋讪笑道：“不晓得，不过我已经找到工作了，先用身上的钱去租个地方，混一个月再说。刘哥，这些日子多谢你关照了，若是有一天小弟飞黄腾达，一定会来报答你的！”

    “拉倒吧，你这臭小子每次都是这么说，结果隔几天还是来找我蹭饭。”野猪刘低叹一声，从口袋里掏出七八张钞票，然后点了三张递给我，“兄弟，你是本分人，别做傻事。你现在跟房东太太闹僵了，衣服裤子也都留在那边，面子虽然抢在手里，可是以后怎么办？我的钱不多，这些你拿去，以后实在混不下去了，再来找我”

    我一听这话，感动得热泪盈眶。野猪刘是个什么生活状态，我比谁都清楚。别看他时不时的出老千捞点钱，其实大部分都拿去还债了。在其他人面前，人五人六的，回到民工房里就泡方便面。我当初好歹还有女朋友那边可以依靠一下，而野猪刘却处处都得自己撑着！

    “刘哥，这钱你拿去，我不要！”我摇摇头，将野猪刘的三百块钱给推了回去，“我找的工作是有宿舍的，还包吃呢！”

    “真的？”野猪刘是个聪明鬼，想要从我的眼睛里看出破绽。

    可是，如今我身上还有四千多块钱，怎么可能会露出什么没底气的神情？

    “好吧，你小子自己拿主意吧我先回去了，明天要去H市一趟，跟朋友做个大单，本来想带你一起的，现在还是算了，你有正经工作就好好干，不要跟我一样误入歧途！”

    额我很想说，其实我已经入了歧途了。只不过，我是自愿的因为，我不要再做下等人！
   
    (不过，俺有钱了，自然不会再租什么民房！

    霞飞路是闹区，在那边在找了一圈，房价高的差点把我给吓尿掉。我只想租一套单身公寓，二三十平方米的那种，可是就这么屁点大的地方，居然一个月也要三千块。

    “唉算了吧，我还是去跟别人合租吧！”在租房咨询中心徘徊了一个多小时，最终还是决定选个合租公寓。

    三室一厅，一厨两卫，家用电器、橱床用品一应俱全，水电费平摊，房租平摊，一个月一千元。

    “得，就是它了！”我没有考虑太多东西，也没太在意到底是跟谁合租，反正只要不是包租婆那种人，万事好说！

    掏出电话拨打过去，没几秒钟就给接起来了。那声音非常柔美，感觉就像是移动公司客户的小妹，听起来特别带感。

    “你好，请问你是？”

    “哦，我想看房子，你是张小姐吗？”我说明了自己的当然，我也声音也是那种最温柔的状态。

    那头的女孩似乎愣了一下，随即苦笑一声，“不好意思，我们是女子合租公寓，住在屋子里的都是女孩，不招男生的”

    “啊？！”我刚想说自己随时可以交钱入住，谁晓得居然被摆了这么一道儿，蛋疼，相当蛋疼！

    “张小姐，拜托了，我可以马上交钱，我是好人，不是坏人啊要不，你把我当成同性恋好不？就是那种对女人没有兴趣的生物！”

    我很想租这个地方，一方面是因为小区比较高档，物业方面自然也会比较完善，能省不少麻烦事儿。另外一方面，这地方离霞飞路，不过两条街，预计从自己家到俱乐部，来回十分钟左右，不远不近，地理优势明显。

    “这个，真的不好意思，我们公寓里有三个女孩子”女孩听了我的话，想要却憋着没笑出来。不过，她还没说完，就被我给打断了。

    “正好，我可以保护你们！”我拍了拍自己发达的胸大肌，“别看我刚刚读完硕士，我也经常锻炼身体呢！”

    “你是大学生？”女孩连忙问道。

    “是啊，我在大学期间就已经把硕士学位拿到手了！”我连连点头，“是去年毕业的，在华东大学！”

    “你是华东大学的？什么专业？”女孩似乎一下子激动起来。

    “额，汉语唉，一个冷门专业。”我低叹了一声。这事儿一直是我的痛，他妈的我们国家的专业都是骗钱的，真正用得到的，根本就没几个。况且，就算用得到，没关系一样残废。我听说原来一个大学同学，他妈的在外面找不到工作，只好回学校任职，由于是新人，一个月工资也就三四千老子如今底薪就一万哦！

    “你你来看房吧！我等你！”女孩犹豫了一会儿，终于妥协下来，“我们在名士豪庭小区十二栋”

    “地址我有，地址我有，我这就去！”我狂喜，没想到自己总算是有个落脚的地方了。

    来到公寓大门前，一抬头就看到两个女孩子站在门口。她们的年纪不大，却都是美人胚子。

    其中一个中等个头，因为如今的生活条件好，身材多少有些发胖，不过让她看上去无形中多了一种丰腴的感觉，胸前俩大兔子格外醒目，配合那张娃娃脸，整个人看上去圆乎乎的非常可爱。

    我暗暗点头，这女孩小小年纪就有了一对让人想入非非的胸器，以后绝对不得了，童颜巨乳啊！

    另外一个女孩身上散发着很浓的书生气儿，一副黑框大眼镜让那对大眼睛更加活灵活现。她的个子很高，穿着拖鞋都比不我矮多少，估计有一米七八。只不过相比起一旁那圆乎乎的女孩来说，就要瘦得多了，并且胸部好像也不大。
   
    (下午在大街上逛了一圈，用口袋里的两千多块钱，买了洗漱用品、床上用品、生活用品，然后又去街边摊，收罗了五套装备。

    等到布置房间的时候，浑身家当就只有一百多块钱了。

    “得，要死了，不知道能不能预支一千块钱，先把这个月给撑过去！”我可怜巴巴的数着寥寥无几的几张钞票，心里有些肉痛。

    合租的女孩都出去了，我看了看时间，也才七点。现在还是培训期，最好本分一点，不能老油条。所以，我决定现在就去打卡，老老实实的坐等培训课。

    来到霞飞路，那一家盯着巨大的闪光灯广告牌的休闲会所，吸引了我的目光。

    “妇女之夜俱乐部！”我点着手指，喃喃自语。

    他妈的，我这坑爹货，居然到现在才知道这家会所的名字。不是我素质低，不是我脑子二，实在是昨天来的迷糊，走的匆忙。

    进入会所，引着那些服务人员好奇的目光，我带起实习证，走进员工通道。在007号衣柜里翻出昨天的工作服，这衣服穿在身上很舒服，味道也是想想的，看来是有人洗过了。

    没一会儿，一个小姑娘忽然跑了进来，左顾右盼，最终看到躲在角落的我。她惊喜的一叫，把我吓了一大跳。

    “你你你”

    我受惊了，由于闲得无聊，所以我跑到角落抽支烟。见这个小姑娘惊愕的表情，我以为自己在这里抽烟是犯法的，连忙站了起来掐灭烟头，丢进垃圾箱里。

    “额，这位大姐，我是新来的，不知道规矩”

    谁知，我还没说完，那个小姑娘就一把把我给拽了出去，“快去救场，快去救场！”

    “啊？”我懵了，“救场？什么救场？”

    “那个外国女人已经干趴下三个服务生了，现在就你一个人没有出台，快顶上去！”小姑娘把我拉着跑，来到二零二号包间，不等我说话，就将我硬塞了进去。

    靠啊，这是什么情况啊，我还没开始上班呢，这带不带这么坑爹的？！

    我心里骂骂咧咧了几句，走进包间，只见一个洋妞侧卧在水床上。一头黄发略卷，披散在肩膀上，皮肤白皙，身材火辣，一对豪乳挺翘异常，在浴巾的包裹下，被侧身挤压成两大团肉球，好像只要一转身，就能把浴巾给直接撑爆。

    我不由自主的吞咽了一口唾沫，张嘴就是一句英语：“你好，美丽的小姐，这个我的工号工号007，我为您服务！”

    声音惊动了正在看杂志的金发美女，她猛地抬起眼，本是兴奋了一下，继而失望的摇摇头，“不不不，不好看，不高，我很失望咦，你会英语？”

    “是的！”我点点头，“美丽的小姐，不知道你有什么要求吗？”

    金发美女走下床，一股子异国芳香顿时飘入了我的鼻子里。可是，接下去金发美女的动作就有些猥琐了，她在我身上摸来摸去，啧啧摇头，“不行不行，我要高高的，帅帅的，壮壮的，你不帅，我不喜欢！”

    嘿，我这暴脾气，居然敢说我不帅？！

    “关了灯都一样！”我强忍着怒意说道。

    谁知，金发美女居然还真瞧不起我了，“我看你不行，你们会所都不行，没有真男人！”

    妈拉个巴子，不就是外国奶牛么，瞧不起我们中国爷们还是咋地？！

    “没有你个头！”我红着眼睛，连衣服都没有脱掉，只是将金发美女的浴袍往上一翻，推着金发美女摁在墙上，自己解开裤裆拉链，将大家伙直接塞进了金发美女的身体里。

    “啊．．．.”金发美女冷不丁的被我一顶到底，整个人颤抖了一下，眉宇间骤然闪起一丝痛苦之色。
   
    (

    除了第一下，金发美女那紧致得犹如少女般的桃源阻挡了我，再用力的接触障碍之后，我渐渐感觉到湿润。

    可是，接下去那蜜穴似乎拥有独自的生命一般，将我的小伙伴不断的来回摩挲。时而紧致，时而放缓，速度时而快，时而慢，搞得我满眼的不可置信。

    金发美女沉沉的穿着粗气，整个身躯颤抖的频率越来越高，眉间的痛苦之色消失了，取而代之的去一股爽意的释然。

    “帅哥帅哥”金发美女死死搂住我的腰肢，一只雪白的大腿直接架在他的肩膀上，“噢噢，就是这样，就是这样，爽死了Fuckme!Fuckme!”

    我在坚持了不到十分钟后，终于再也抵挡不住金发美女的加速蠕动，小伙伴宛若是大海中飘摇的一叶小周，最终翻倒，被大海忘情的吞没。

    “嗬！”我长长的低吼了一声，一扭身便离开了金发美女的身体，退到一边，心里暗道，我日，这女人怎么这么厉害？！老子还是第一次不到十分钟就泄了的。嘶

    说实话，我在骇然的同时，也感到一阵阵的脸红。在前几次的征战中，自己何曾如此快速就缴械投降？太丢人了，实在是太丢人了！

    一抬头，只见那金发美女忽然睁开眼睛，眸子中闪烁光芒，一把将我拉进他怀里，两团大奶子顶着我的脸，用力的摩擦，嘴里噢噢的叫着别叫的中文，“这个帅哥，厉害，舒服！”

    “哎哎哎，别，别，让我喘口气！”

    “帅哥帅哥”金发美女可不理会我，用力的磨来磨去。脸上虽然很是舒爽，却少了那一丝满足。由此可见，我并没有让金发美女真正的爽一次。

    我被两个大奶子憋的死死的，好不容易挣脱开来。

    “帅哥，你好棒，好厉害！”金发美女眼睛直勾勾的盯着我的小伙伴，眼中闪起一阵阵炙热的火焰。

    “额，你也好棒，好厉害”我讪讪的笑了笑。此时金发美女衣服凌乱，脱落到肩头，白皙的肌肤裸露出来，那一道深邃的沟壑，历历在目，看得我浑身痒痒，本是软榻的家伙什儿，又有感觉了。

    可是，金发美女那一对红如血的双眸，却让我有些心悸了。这个外国妞的小妹妹极有柔韧感和紧致度，简直就是极品。最要命的是，她毫无畏惧自己的冲击，这才几分钟啊，自己就扛不住了。

    金发美女露出一副饥渴难耐的风骚样儿，让我的小腹火焰暴涨，有种再度征伐的冲动。

    “他妈的，我怎么能输给一个外国妞？这不是给我们中国人抹黑么？！”我心里疯狂大叫，身子轻轻一挺，小伙伴再度咆哮。

    “呀！帅哥，你你恢复的好快！”金发美女不可置信的捂住嘴巴，眼中茫茫光泽再度闪耀。

    “帅哥你给我脱”金发美女盯着我，随后把双手放在我的脖子上缠绕起来，这个举动分明就是在主动挑逗我。

    “好！”我把手放在她的浴巾上，直接扒掉，露出了里面红色的一个胸罩，和下面的遮羞裤一样的娇艳欲滴，包裹了两个圆挺的玉兔儿，用手摸了一把，当真是极有弹性。

    我把脑袋凑到她的脖子上，开始亲吻起来，伴随着那一阵阵淡淡的清香，感受着她身体的白嫩，感觉像是飞上了云端一样。

    不过这个时候，我也没时间去想那么多了，之前的失利让我很是不平衡。毕竟，自己的大家伙连人事部的大姐大都夸奖为见所未见，怎么现在能被一个小小的外国妞给折服？！

    “帅哥我，我好热，比比刚才更热了！”金发美女在我的爱抚下，身躯变得滚烫，她把自己的身体往上挺了挺，声音也有些颤抖。

    “那就全脱了！”我马上就把手伸到了她的身后，解开罩子上的机关，扔到一边之后，那两只白白的巨兔儿就这样映入了眼帘。
   
    (

    “帅哥，你喜欢我吗？”金发美女抱着我的脑袋问。

    “喜欢啊，相当喜欢了！”我这句话是发自内心的，毕竟场面话，还是要说的。咱们做服务行业，可不容易！

    “那你是喜欢我的身体多一点，还是喜欢我这个人多一点呢？”金发美女眯着眼睛，见我在尽情的欣赏自己的身体，不禁心里偷偷的自豪了一下。这幅如此妩媚的身躯，让所有男人不能抗拒其中诱惑。

    “我都喜欢！”我的喘息渐渐厚重，伸出舌头，轻轻的吻在了金发美女的小樱桃上。

    “啊帅哥轻一些”金发美女眸子渐渐迷离起来，话语也变得莺莺悦悦，“帅哥，我要你做我的男人？”

    “额这个”我迟疑了一下，将手里的动作渐渐放缓。这是真情流露，还是逢场作戏？他妈的，老子真激动了！

    金发美女一惊，连忙搂住我的脖子，摁在自己白皙的玉体上，“帅哥你别停下来”金发美女这种勾引人的方式很放荡，继续看着我趴在她的身上兴风作浪。

    果真是逢场作戏！老子怎么这么挫，风月场所没真情，我怎么能把这个事儿给忘掉？！

    我忽的一下站起来，把自己的衣服脱了，正准备提枪的时候，被金发美女给阻止了。

    “帅哥快点，快点！”金发美女甩着脑袋，“我要你爱我爱我到骨子里”

    我点点头，指尖顺着她的身体一点点的往下滑动，那如同柳枝一样的小细腰很是迷人，用手摸上去，丰腴的感觉立马传来，性感细嫩。

    金发美女“叮咛”的呻鸣了一声，感受着我那温柔的大手继续朝着下面游走的快乐，短裙被撩起来之后，手指放在了她最为单薄的小内外面，细致的揉搓。动作轻柔的很，虽然有些生疏，可是却胜在刺激。也就是在这么轻柔的动作之下，金发美女身子越来越软。

    很快，我把她的内裤完全脱了下去，金发美女将腰肢慢慢挺起，小内划过两条玉腿，丝滑柔腻的感觉瞬间从我的手上传来。我伸出手，在金发美女白皙匀称的双腿上轻轻的摩挲起来，那种痒痒的刺激感，让金发美女的呼吸更加浓重，舒适感席卷全身。

    我在一起的趴在了她的身上，用嘴舔弄着她那对硕大的玉兔儿，然后一只手摸着下面，双管齐下，刺激的她更是舒服到不行。

    “帅哥子，别弄了，我真的不行了不行了直接来，直接来！”金发美女的身躯开始剧烈的颤抖，原本白皙的皮肤，迅速渲染上一层诱人的红晕，

    我笑了笑，另外一只手偷偷的伸到了自己的腰间，一边猛烈的刺激着她的身体的时候，一边慢慢的解着自己的腰带，金发美女的手不知道什么时候也抚在了我的胯间，她肯定能感觉的出来，我的大家伙什儿已经肿胀的不行了，再不得到发泄，恐怕就得炸裂开了。

    我的嘴巴凑到了金发美女的朱唇上，和她猛烈亲吻的时候，手在下面轻轻的分开了她的双腿。金发美女尽情配合，将小腿架在了我的肩膀上。

    见时机差不多了，我的用一只手握着自己的大家伙什儿，身体稍稍的往下一沉，那东西瞬间就顶在了她滑嫩的桃源口。

    “帅哥，快一些放进来！”金发美女痴痴的看着我，眼睛里释放出来的火焰，居然比起我来还要浓稠，她将身子调整好位置，臀部刚好抵在我的大腿上，“帅哥，快一些”

    “女人，你喜欢我用蛮力是吗？”

    金发美女脸色一滞，连连点头，“恩”

    “哈哈，满足你！”我一用力，正式的进入了她的身子，金发美女在这么猛烈的攻势下，马上就抱住了我的腰部，在弓起身子的同时扭动身子主动的迎合起来。
   
    ()“唔唔啊”

    金发美女用力捂住嘴巴，尽量使自己不大声叫出那一阵阵的酥麻爽感，简直就能送她上天端。

    我这回可是小心控制，半个小时内牢牢抵挡住金发美女内里的吸力，硬是将她送上三次云端，反而自己却依旧还在苦战。

    再过了十几分钟，金发美女爽到天的娇呼声已经在不间断的响起了。

    “帅哥OH,MYGODOH，FUCK啊用力，再用力！”

    把金发干的英语和汉语轮着转儿，让我听得洋洋得意。自己身下的极品尤物吧，能够给自己带来的刺激与所有女人都不相同。她的更紧，更有韧度，还是外国的大奶牛，这种挑战实在是太爽了！

    我再度冲击了一阵，在带给金发美女无比大的欢愉之后，金发美女终于是再难以抵挡，彻彻底底的败下阵

    这一番下来，两个人都大汗淋漓，为了能得到更多的巅峰，他们两个人都用尽了力气。

    我满意的翻过身子，然后感觉自己的大家伙什儿像是一阵被火烧了一样的感觉，很燥热，有些许的疼痛。

    顿时，我砸吧砸吧嘴，暗道：“这金发美女简直是要人命了，这一阵搞下来，也是受了不小的损伤，回头得用好好保养一下，不然烙下病根，就麻烦了！”

    金发美女在旁喘息了好一阵，见我要下床，连忙抱住了我的身体。

    虽然她依旧闭着眼睛，可是脸上却洋溢幸福和满足的笑容。今天，是她来做中国之后，感到最兴奋最刺激的日子，帅哥子果真与那些男人不一样，家伙儿贼大，不仅强壮而且有力，坚持的时间还长，自己都不知道被他给弄的晕死过去几次了。

    又过了足足一刻钟的时间，金发美女才缓缓睁开眼睛，柔情蜜意。我搂着她，靠在床头，四目相对，倒是郎情妾意浓重。

    “我要给你评分，我要给你评分！”这金发美女其他话说的不顺溜，这句倒是挺地道。

    我在一旁找了找，忽然发现自己根本就没带评分表。

    “没事儿，不着急！你叫什么名字呢？”我继续用英语跟她交流。哥们的英语怎么说都是过六级的，普通的对话，已经是信手拈来了。

    嘿嘿，我好像发现了自己寒窗十几年，终于算是有地方可以用得到了。

    金发美女大口大口的喘息着，娇声娇气的在我胸口画起了圈圈，“我叫爱丽丝，帅哥，你叫什么？”

    “我叫叶小飞！”

    “叶小飞，你好厉害！”爱丽丝的呼吸渐渐平稳下来，“我好久没这么舒服了。一年前，我在日本留学，那里的男人进进出出倒是挺快，可是没有一个力气大。走了大半个亚洲，都没有遇到几个能让我这么兴奋的男人。在中国，你是第一个！”

    我顿时爽歪歪了，这评价，好高！

    不过她对于日本男人的抱怨，我还是比较苟同的。岛国片如今虽然说越做越精致，可是真能干的男人却越来越少，更别说那些家伙什儿又大，持久性又强的男优了。

    估计是经济危机引起岛国人民生活水平下降，大家伙穷的都吃不起肉，喝不起牛奶了，所以一个个就跟那经济一样，萎缩的要命。

    再说了，就算经济没萎缩，他小岛国的男人又怎么比得过咱们中国的老爷们？！

    看我在一旁兀自暗爽，嘿嘿的口水都快流下来，爱丽丝连忙推搡了我一把，娇羞无比的说道：“亲爱的叶小飞，我嫁给你吧！”

    轰我傻眼了，被雷的外焦里嫩。

    这外国妞语不惊人死不休的话，在鸭店遇到个男的就直接想要嫁出去！日，就算是咱村子里的老剩女，都不会这么捉急吧？！
   
    (不管她是出于什么目的，我绝对都不会答应。

    我工作的地方说好听点是妇女俱乐部，可是追根究底，这里就是鸭店。在鸭店里面谈感情，找死不成？

    说明白了，就和男人去红灯区找女人一样。

    那种暧昧的粉红色灯光，里面坐了一排大胸小腿的女人，男的好像选妃子那样点了一个就进去里屋。

    这种地方能谈感情？！

    不过说起红灯区，我倒是挺有感触的。就在我原来租的民工房附近，有几条巷子多数是那种暧昧粉色灯光，里面是几位浓妆艳抹姑娘的小发廊。往往那暧昧的粉红都会让走过路过的男人多看上那么几眼，心里同时也YY着一些比较龌龊的事情，我自然也是时不时的就去打量一下。

    每天，傍晚的时候她们开始抹胭脂，涂唇彩，性感的超短裙，半敞开的胸部，露出深V沟，扭着屁股，两脚翘得很高，有意无意地分开，用尽一切倾情的绽放着她们的性感与妖艳，天色一暗，招呼着从小巷进出的男人，等待着不知脾气、年纪、相貌的素味平生或熟悉的客人，夏天忍受着闷热的天气，冬天不畏刺骨的寒冷，不畏惧各种形形色色的客人。

    就这种情况而言，自己有可能跟她们谈婚论嫁吗？反正我做不到，就算做到了，也是因为我不知道！

    而这个金发美女，显然也是不是什么良家妇女，更不是贞洁烈妇，玩玩还好，怎么能下重码？额不对，是她来玩玩我就好，俺是不能付出真心的。

    “这个亲爱的爱丽丝，不是我不答应，实在是工作的原因让我接受不了。况且，我对你不熟悉。不如这样吧，你以后多来找我几次，我们再试一试看看能不能适应对方的性格，怎么样呢？”

    嘿嘿，话说的很巧妙，还能拉拢老顾客，典型的高级营销手段啊！还没开始上班呢，就抢了个大客户，以后岂不是要财源滚滚了？

    我心里猥琐的歪歪着，不由自主的笑了起来。

    爱丽丝似乎对我的拒绝和露出的表情感到怀疑，这本是十分遗憾的事情，怎么会笑得这么开心？

    “叶小飞，你是在欺骗我吗？”爱丽丝娇喝问道。

    我微微一愣，连忙擦拭嘴角的口水，装出一本正经的淡然笑意，“不，不是的。我很高兴，有这么漂亮的大美女对我倾心。只是唉，我的工作还要继续，我也不想靠女人，所以我必须用自己的双手，用自己付出的努力来赚取我的未来！”

    说的倒是慷慨，不过举起的双手却不由自主的摸上了爱丽丝那一对豪乳上。爱丽丝被我摸的娇喘起来，又趴在我的身上，“恩，不愧是我看上的男人！”

    一个半小时的服务很快就过去了，我从门口那个小姑娘手里拿来评分表，给洋妞打分。她很爽快的来了个满评，并且从包包里取出整整一叠老人头，塞进了我的衣兜。

    “亲爱的叶小飞，你是个真男人！我知道你不喜欢靠女人，不过这些钱是你应得的，是你今天付出的回报。以后，我还会来找你。再见！”金发大美女说完，就朝大门外走去。

    目瞪口呆的看着这一万块钱的大钞票，我后悔的肠子都绿了，顿时一巴掌狠狠的砸在自己的脸上。

    这女人给个小费就是一万啊他妈的自己嘴贱干什么？呈一时的爷们干什么？妈的，老子都沦落到做鸭了，为什么还要惦着个脸皮装逼？说不定自己说几句好话，这个洋妞就出钱包养我了呢！

    只不过，我现在不能再去央求金发美女了，否则会让她看不起。唉，大家都装在逼，就我排行第二，亏了亏了
   
    (今天我又拿到了一个满评，按照正式员工的标准，拿到满评可以拿提成的，一个月累计一次，那收入可不菲啊！

    此时已经快九点了，我总觉得自己似乎忘记了什么事情。员工通道开始三三两两有人走进走出，几个帅的不成样子的高帅对我指指点点。

    “看到没，他就是二零二那个活着走出来的男的！”

    “这小子看起来这么挫，没想到还有那本事！”

    “别说了，快去报到，等到活儿结束了，找几个兄弟去找他拜码头！”

    这几个帅哥与我擦肩而过，挺着腰杆子晃晃悠悠的朝外边走去，嘴里碎碎念道着我听不清楚的话。不过，“拜码头”三个字却是依稀能辨。

    没想到，这地方也是要交保护费的啊！

    我暗暗揣测了一番，也觉得有些奇怪，不会吧这里的服务员应该都是不差钱的，怎么还要拜码头呢？

    “小妹妹，你叫什么名字啊？”我嘿嘿的笑了起眼前就有个老员工，自己不懂的可以问她呀，有句话怎么说来着不耻下问！

    “你叫我蓝雅！”那小姑娘回过头，“你刚来就得满评了，真厉害！你知道吗，你马上就要在我们俱乐部出名了，能在那个外国女人的包间里站着出来，你可是第一个哦！”

    第一个？嘿嘿，那是自然，也不看看老子我多牛逼！

    “蓝雅小妹妹，我们俱乐部有多少个员工啊？”我开口问道。问其他人事情，是个技术活，要循序渐进，要语如春风，让回答者不知不觉的就将许多私密的事情，全盘托出。

    这个蓝雅小妹妹，年轻看上去不大，应该是个很好忽悠的主儿。多问些事情出来，以后也好知道这里有什么忌讳，说不定还能问道那个胡总的三围哦！

    谁知，蓝雅居然抛给我一个白眼，“你培训课没认真听吧？这种问题都要问大哥，上课的时候走点心，不然每个月开除名额里，说不定就有你的名字！”

    “额”我讪讪的笑了笑，还想问些事儿，身后冷不丁传来一声娇喝，顿时把我吓了个激灵，扭头一看，却是陈晓薇满脸寒色的站在我的身后。

    “呀，微微姐，您老终于出现了！”我连忙堆起自认为最迷人的笑靥。

    “叶小飞，是允许你在培训期，没有我的同意就擅自出台的？”陈晓飞看了一眼蓝雅，摆起一副冷艳的表情，两个鼻孔都快冲向天花板了。

    蓝雅显然也是一惊，小脸“唰”的一下变得十分苍白，有些胆颤的躲到了我的身后。俱乐部的确有这种规定，在没有培训员同意的情况下，非正式员工，不得擅自出台为客人服务。只不过，就如今的现状，这种规定早就成了摆设，很少人会遵守。毕竟，哪个人不想赚钱啊！

    我见陈晓薇的脸色不好看，又是惦起厚脸皮傻笑起来，“微微姐，你别生气啊，我”

    “我问你是谁允许你在培训期，就擅自出台的！”陈晓薇的语气更重了。

    我没有丝毫犹豫，直接让出半个身位，将蓝雅给供了出来，伸手一指：“是她！”

    “我薇薇姐，是因为当时实在是没人了，我看他一个人在休息室里，就”蓝雅没想到我居然这么没担当，连忙解释起来。

    “救场么？”陈晓薇哼哼了一声，对蓝雅摆摆手，“好了，你也别说了，去把他的满评让人统计好。至于提成，分到之前那四个人的账户上。叶小飞，你给我滚过来，让我等了一个小时！走，跟我去上培训课！”

    说着，陈晓薇便直接抓起我的耳朵，往外拖去。

    蓝雅看着我们离开，顿时吁了一口气，心里虽然还是有些胆怵，可是却没有之前那提心吊胆。只不过，她暗暗记下了我的出卖，小手拽得紧紧的，发誓以后一定要我好看！
   
    (

    不论是你富家千金，还是深宅怨妇，也不管你是职场的白领，还是懵懂的萝莉。只要你给钱，俱乐部都能为你提供想要的一切！

    比如说，萝莉的大叔控，少妇的吊丝情节，或者说女白领的极速刺激。这里的男人，只要你提得出要求，就能够找得到对象。

    每一个档位，每一种特殊的服务，都是收取比其他地方更高的费用。所以，这里是女人的销金窟，是男人的发财地。并且，随着服务的愈发完善，妇女之夜俱乐部，开始出现了评分系统。

    由于高消费，评分也是要累计算钱的。

    十个分阶，一分至五分，属于差等评价，六分属于及格评价，都不会扣除顾客会员卡里的金额。七分评价就是良好评价，一旦客户从客户那边得到确认，就将扣除三百元的会员金额。八分评价，是五百元，九分评价一千元。而十分满评，则是整整两千元！

    也就是说，当客户付完钱，选择好服务项目之后，若是对服务的人员感到满意，还要另外支付额外的感谢金额。所以，不少人在接受了服务之后，只给一个六分的及格评价，不需要再次付费。

    当然，大部分来这里的客人并不差钱，所以这里的服务人员，也都个个能赚的盆满钵溢。

    陈晓薇站在办公桌前，屁股倚在办公桌上，双手抱在胸上，昂首俯瞰着我，“说了这么多，你现在对我们俱乐部总有所了解了吧！”

    我点点头，手里捧着一个笔记本，认认真真的记下陈晓薇说的那些东西。

    “好了，现在我给你说说咱们俱乐部的规矩！”陈晓薇点点头，继续说教。

    半个小时候，我跟着陈晓薇从她的办公室里走了出来。她带着我到前台，从一众业务单里掏出一张纸，然后让小妹拿了个评分表，“现在，走个外单，评分标准是及格！不过，我对你另外加标，如果你还能够拿到满分，我可以将去跟胡总说说，将你的试用期从一个月调到半个月！”

    我顿时一喜，“薇薇姐，这可是你说的啊！”

    “恩！”陈晓薇答应下来。

    我大笑几声，将两张单子揣在怀里就直奔出去，拦了辆的士，来到一处豪华的别墅小区门口。

    “咕咚！”看着那一栋栋豪华的三楼洋房，我的心里好像忽然出现了退却之意。能在S市买得起这种房子，没有个大几千万身价，肯定是下不来的。

    当然，在我的潜意识之中，有钱的女人大部分都是靠着男人的关系，或者老婆或是情人。而这两种类型，都不是我能驾驭的。这万一给抓到，岂不是小命不保？！

    他妈的，谁说做鸭没风险？！

    跟保安大哥磨叽了好一会儿，接通了主人家的电话，才把我给放了进去。客户是住在第八栋，我敲响了门铃。

    “来啦，来啦！”一个妖娆少妇打开房门，她穿着淡紫色的t恤和牛仔裤，外边包着个围裙，手里拿着一把小锅铲，看上去正在做饭。

    一见到我胸前的别着那特殊的工作卡，她顿时路出欣喜的笑容，高兴的叫道：“老公，你终于回来啦！我做了好些夜宵呢，别愣着，快进来！”

    我微微一愣，这是什么情况？叫我老公？！

    忽然，我想起来我们俱乐部服务的宗旨就是答应客人的所有要求，配合她们的所有行为。我暗暗点头，上前顺势搂住这个妖娆少妇的腰肢，大声笑道，“老婆，回来了ｌ让我瞧瞧你做了什么好东西犒劳我！”

    对于我这信手拈来的熟稔，妖娆少妇也有些诧异，不过她比我反应的更快，一把搂住我的手臂，那对柔软的满头贴着我，嘻嘻哈哈的走进屋子。

    我很自然的脱掉鞋子，就像是出差许久归来的丈夫一般，接过妖娆少妇递来的毛巾，在脸上擦拭了一下，然后将公文包挂在衣柜上，与她来到厨房。
   
    (

    这别墅的大厅给我一个感觉，那就是奢华，虽然不是没见过市面的孩子，可这回也禁不住叹息起来，这不叫大厅，应该叫宫殿才对，“美仑美涣”这个词似是专为它定做的。

    面积大约有一百多平方米，巴西利卡式圆形大弯顶宛若莫的那大教堂，弯隆底部密排着一圈六十网个窗洞，里面装了射灯，光线射入时形成的幻影，使大弯隆显得轻巧凌空，总共有八盏水晶大吊灯，每盏灯都有三层，呈倒金字塔形状，缀满密密麻麻相连的小灯，华光四射，精美绝伦。

    拱顶由四十多根圆柱支撑，柱子上风格极其繁复的雕刻，彩饰镂花美的令人窒息，墙壁悬挂的油画无一不是精心杰作，大理石板的光滑程度可以映照出来住妖娆少妇内的秀权。

    进入饭厅，我又是傻眼。五米长、三米宽的饭桌上摆满了各种大菜，烤乳猪，牛排，沙拉，卤肥鹅，水晶龙虾、一品金刚翅等等等等。

    他妈的，光只是这一顿饭，得花多少钱呐！

    “老婆，这也太多了吧就我们俩怎么吃的完啊？”

    “老公，这些都是为你准备的，不吃完可不许走哦！”妖娆少妇似乎有满心的怨气，“你都一年多没回来了，好不容易见面，我当然要给你做些好吃的咯！”

    我一看苗头不怎么对，她老公一年多没回来，这意思就是想让我冒充她的老公，然后陪她好好吃顿饭，再做些饭后运动？

    嘿，无论是吃饭还是饭后运动，我都拿手啊！小意思，就得当是在过家家了！

    我转移话题，憨憨笑道：“老婆，以后我会经常来家里陪你，保准不会再让你寂寞了！”

    妖娆少妇哧哧的笑了起来，笑骂道：“你这臭小子还真会演戏，一口一个老婆，叫得那么亲热，别忘记了，我可是三十岁的人了，比你大了十岁！”

    终于恢复正常了啊！

    我哈哈笑道：“大十岁又什么样？古代君王看上的女人，就算比自己大一倍，都要娶回家做老婆。你不过比我大十岁，却是风华正茂，风韵犹存的最好年纪，我喜欢都还来不及呢！”

    “嘿，越说你还越上瘾了！没良心的，我准备了好酒好菜等着你，你却一直调笑我，哼，我看你还是吃完饭走人就是了！”妖娆少妇边说边看着我，心里忽然涌起一种奇怪的感觉：不愧是那个俱乐部培训出来的员工，真好！

    不知不觉，妖娆少妇的脸羞红无比，这种心头的旖旎犹如当初坐上花娇嫁到夫家似的，又是憧憬又是激动。

    谁知，我居然随口应道：“好啊，那我吃完就走了，今晚儿还想在这里陪老婆聊聊天呢，看来还是算了，没那个福分，我等会儿还是回公司加班算了！”

    “不许，你要陪着我！”妖娆少妇啐了我一口，来到餐桌边上，将那些盖住饭菜的水晶帘盖都给掀了起来。

    一股股扑面而来的香味让我食指大动，用力抽了抽鼻子，笑道：“好香啊，老婆你手艺真好，光是闻闻味道，就快饱了！”

    “哪有你那么夸人的！呵呵，时间晚了，你快去洗洗手，我们边吃边聊！”妖娆少妇噗嗤一笑，点了点我的脑袋瓜子。

    我跑去洗了手，回来端起一块牛排便呱啦啦的一阵猛啃。本来还没有什么感觉，可是被那些菜的香气一勾，肚子里的馋虫好像都苏醒过来，我一手抓着一只大鸡腿，几乎把整个脑袋都盖进了装鱼翅的汤碗里。

    “你慢点儿，又没人跟你抢！”妖娆少妇说着，拿起打开一瓶酒，倒了两杯，“喝点儿吧，有菜没酒，这饭也吃着不带劲。”

    对于酒这玩意儿，我不爱喝。因为我品不出其中滋味，不过天生的好酒量，却能让我灌进个一两斤都不带有事。

    我接过一杯酒，道：“就这一小杯，多了我会醉的，晚上就没法跟老婆谈心了。”

    “不着急，慢慢来！”妖娆少妇见我是真不想喝酒，便把酒瓶收了起来。她吃的很慢很少，垫补了几口，就坐在一旁笑眯眯的看我狼吞虎咽。

    这辈子，我还是第一次吃到如此高级的食物！
   
    (这些酒菜，就当是犒劳了，你说好不好？”

    “老公，来跟我碰一个！”妖娆少妇被我说中了心事，忙举起酒杯借喝酒加以掩饰。

    一小杯酒很快就下肚，妖娆少妇又抓起了酒瓶子倒了第二杯，给我也满上了，我死活不肯再喝，妖娆少妇却说什么拼命的劝，僵来僵去，两人各退一步，妖娆少妇喝了半杯，剩下那半杯归我。

    妖娆少妇的脸很快就艳红了起来，她托着香腮，眼睛迷蒙，嘴唇微微颤抖。也不知道她在想什么，忽然低声问向我，“老公，你想我了吗？”

    “想？当然想，都要想到骨子里了！”我喝了酒，胆子也大了起来，戏谑的在妖娆少妇的手上摸了一把，“怎么，想跟我亲热一番吗？”

    “这才几点呢，别胡说八道！”妖娆少妇娇笑一声，将手抽了回来。她口吐幽兰，将身子往我身边凑了凑，“跟我说说，平时你都是怎么想我的？”

    “嘿嘿，就是天天看你的照片啊，边上那几个秘书对我下迷魂阵，都给我一脚踹出了办公室！”我倒是蛮

    “老公，你有那么自觉？哼，你们这些男人口是心非，不就是喜欢那些小姑娘么，怎么会还留恋我们这些年老朱黄的女人呐！”两杯半酒下去，妖娆少妇说话多少已经有些大舌头了，怔怔的看着我问道。

    “三十风韵犹存，让人欲罢不能，正是有味道的时候呀，那些小姑娘怎么比得了？”我吃了口菜含糊不清的说道。

    我的话虽然风浪，可是却是实话。女人在三十岁左右，最好！既懂得疼惜人，经验又比较丰富，数不尽的温柔，都让我感到无限的回味。

    妖娆少妇笑了笑，起身坐到了我身边，把整个身子依偎在我身上，咯咯笑道：“老公，我我好久没那个了你”

    妖娆少妇显然是已经有些醉意了，我挪了挪身子，让她整个靠在了自己的怀里，把下巴杵在她的肩头，一只手把玩着酒杯，一只手伸到她胸前，抢先开口说道：“老婆，这不是我说大话，就我认识的那些男人，没有一个可以跟我相比。我的大，并且持久性强，没有几个受得了的，弄一次就足够你满足好几天了！”

    “真的吗．．．”老婆任凭我的熊爪在自己身上乱来，也没去阻止，只是低着脑袋，抿起嘴唇低声喃喃了一句，“老公，我想要，怎么办．．．”

    声音虽然小，可是我却听得清楚，心里暗道：酒是最好的催情剂，这话果然没错！

    酒过三巡，妖娆少妇隐隐然有了醉意，脸颊红如火烧，微侧着头醉眼朦胧的看着我清秀的面孔，半张着的嘴中喷出浓浓的酒气，忽而吃吃的笑了起来，握住我在自己身上肆虐的手掌，吃吃笑道：“老公，别老是不停的揉了，再揉下去，估计要摩擦起电，起火儿了！”

    我嘿嘿笑道：“起火也不怕，大不了咱们脱光了跳进水池里！”

    妖娆少妇咯咯笑道：“我就知道你不是什么好人，我要惩罚你！”

    “老婆，你可不能这么对我啊！我现在也是一肚子的火呢，你看，都肿成什么样子了？不信你摸摸看，是不是跟个铁疙瘩似的。”我低头在她耳垂上轻咬了一下，嘻嘻笑道。

    仿佛是被我那早已雄起的家伙什儿顶的有些不舒服，妖娆少妇向一边挪了挪身子，原先坐的地方豁然留下了一滩水痕，我瞧在眼里，打趣道：“老婆，天没下雨，你倒是先下了．．．好羞人哦，这么大的人了！”

    妖娆少妇低头望去，只见自己方才坐过的地方确实被水渍弄湿了一大片，脸上更加滚烫，白了我一眼，嗔道：“还不是被你害的，吃个饭都不老实，摸来摸去的把我的裤子都弄湿了吧！”

    我装作害怕的样子，道：“呀，老婆，我不是故意的，你别生气！这样子好不好，你快点换一件裤子，我去给你洗洗，然后保证不会再打扰你了！”说着，就要避嫌一般站起身来，朝大厅外走。

    妖娆少妇一把拽住他，没好气的嗲道：“不，你要帮我洗澡，我们去浴室！”
   
    (

    “怎么样，这浴室装修的还不错吧？”打开浴室的门，妖娆少妇得意洋洋的说道。

    “老婆，没想到你还挺会享受的嘛，这浴缸居然是波浪式的，呵呵，我最喜欢的就是被水泡不停的在身体上划过的触摸感！”我看了看浴室内的情形，双眼最终停在紧靠着墙壁的浴缸上面，双眼红光绽放，忍不住赞叹道。

    妖娆少妇脸上洋溢着得意的笑容，瞥眼瞧了瞧我，嘻嘻笑道：“好了，过来，帮我把衣服脱掉。”

    我还是第一次见到这么高档的浴室，平时自己弄个大盆整点儿温水随便擦两下就当是洗澡了。如今站在这清一色洁白的浴室内，居然有点儿不知所措，如果不是那妖娆少妇一直在催促我的话，我还会继续呆愣下去。

    “老公，你还在看什么呢ｌ点过来！”

    我打量着妖娆少妇凹凸有致的身体，胯间的大家伙开始

    “别耽误时间了，过来帮我把衣服脱了。”妖娆少妇撇撇嘴，咯咯一笑，“老公，人家专门为你专修了浴室，你不要矫情了，快来！”

    你奶奶的，搞屁个矫情！哼，等会儿有你受的！

    我就纳闷了，这妖娆少妇怎么就那么喜欢让自己帮她脱衣服？低头看了看裤子上那些泥点子，又瞄了一眼妖娆少妇，心里哼哼个不停。

    妖娆少妇的年纪并不大，只不过浑身上下散发着一股成熟女人特有的韵味，脚蹬一双高跟凉鞋，白皙滑嫩的小腿被黑色长腿丝袜紧紧的包裹着，一直延伸到蕾丝短裙的裤脚边缘，时而露出浑圆的大腿，上身一件紧身单排扣的短袖，紧紧的包裹着呼之欲出的两座山峰，领口处两颗纽扣敞开着，露出一道深深的沟壑。

    有钱人就是不一样，气质比学校里的那些妹子要强了不少，穿着打扮也明显也时髦很多，就连胸前那俩玉兔儿好像都丰满的厉害。

    低头瞄了一眼小腹下被嘞的显出诱人轮廓的地带一眼，我想着这地儿是不是已经流水了？嘿嘿，鬼晓得她骚成啥样！

    “还愣着干什么，赶紧过来呀。”妖娆少妇见我目光猥琐的望着自己，却是不见有任何行动，忍不转口催促道。

    “哦，哦，哦，好的好的！”

    我奔过去，原本想直接把那俩兔子捏在手里肆意的抚弄，忽然想到妖娆少妇叮嘱了好几遍的话，忍着心中的麻痒，佯装紧张万分的伸出略微颤抖的手，小心翼翼的解着妖娆少妇胸前那一排纽扣。

    解开最后一个纽扣，两个白花花的兔子晃晃悠悠的蹿了出来，仿佛一个安了弹簧似的，在我面前一阵猛颤。

    先前我就在猜测妖娆少妇穿的是什么款式的文胸，现在衣服扣子被解开，却发现和自己想象的并不一样。包裹着俩白花花肉呼呼的俩兔子的是一款豹纹聚拢型的文胸，花斑豹的底色映衬着白皙的峰峦，野性十足。

    暗暗吞了口吐沫，我仿佛第一次见到女人这玩意似的，双手依旧保持着刚才解衣扣的姿势，两座峰峦就在指尖晃悠，双眼冒火的盯着妖娆少妇，却是一副想摸又不敢摸的模样。

    妖娆少妇勾魂夺魄般轻轻一笑，转过身去，我适时的把她身上的衣服脱掉，露出一大片美好雪白的后背。

    “把文胸的口子解开！”妖娆少妇娇滴滴的话音响起。

    这一次我切实的触摸到了妖娆少妇光滑的肌肤，笨手笨脚的费了半天劲把文胸的扣子解开，不用她再开口提醒，双手一分把文胸带子顺着她的香肩滑了下去。

    “抱着我！”妖娆少妇咯咯一笑，伸手摸向我。

    我一愣，嘿，你这小娘们等不及了，这就想挨干了么？

    我依言从身后环住了她的腰肢，妖娆少妇迫不及待的抓着他的双手，解开蕾丝短裙上的皮带，向下一拉，蕾丝短裙直接滑落到了地板上。

    分开我的双手，妖娆少妇转过身来，一言不发的脱掉我的上衣，蓦然蹲下身子，飞快的除去我身上所有的衣物。顿时，一条庞然大物，狰狞的在她眼前一阵狂抖猛晃。
   
    (

    我嘿嘿笑道：“还好，只不过比一般人的大了那么几号而已！”

    妖娆少妇双眼红光迸射，捡到宝贝似的欣喜道：“太少见了不，根本就没见过！老公，你真是好福气，居然长了个这么大的家伙什儿！”

    我原本以为她会忍不住咬上一口，尝尝是啥味道，却见她起身走到那浴缸前，调好了水温哗啦啦的往浴缸内放满了水，而后迫不及待的把黑色长丝袜褪掉，一条赤坦坦白花花的美人鱼，回眸冲我勾魂一笑，哗啦一声钻进了浴缸中。

    奶奶个熊的，现在要咋办？老子是不是要直接扑过去，摁在水里一通猛干！

    “老公，快点过来一起洗洗吧！”妖娆少妇冲我勾了勾手指。

    浴缸内气泡咕噜噜往上直冒，我憨小子似的哦了一声，甩开裤子挺抢走了过去。

    这浴缸大小正合适，我进去后并没有什么拥挤的感觉，不断冒出的气泡犹如一只小手在不停的按摩着全身，我舒服的哼了一声，心道这有钱人就是会享受！

    正享受着波浪式浴缸带来的舒泰，一条美人鱼蛇一般的将身子依偎了上来，缠着我娇声道：“老公，我好喜欢你的大家伙！”

    我装作手足无措的样子，闷闷的道：“老婆，你想要我怎么做？”

    妖娆少妇咯咯娇笑道：“你先把手放到我这儿嗯，对，就是这儿，慢慢的，不要给我揉坏掉啊”

    我手握着俩炸弹，听到妖娆少妇娇滴滴的话语，几乎忍不住要笑出声自己啥时候，干这事都要人手把手的教了？！

    妖娆少妇显然很满意我的表现，时间不长便脸泛红晕，口中娇声阵阵，缠着我的身子如蛇般扭动

    “好舒服哦，老公，你在下面躺好，我要上去了！”妖娆少妇强行把我摁在身下，媚眼如丝笑道。

    我全身放松的半躺在波浪式浴缸内，脸上满是兴奋。

    妖娆少妇见我对自己的话无动于衷，便咿咿呀呀的让她用力的摸自己，好让我来个大刺激。随着我的手指渐渐触摸到那只有自己的男人才能够触碰的地方，妖娆少妇呀的一声脸孔涨红，一道舒爽到极致的电流倏然从下边的小嘴深处蹿起，几乎是瞬间的功夫，四肢百骸都被那道电流所侵袭，她感觉自己的骨头似乎都要随着我的触摸而变得酥酥的了，身体一软，顿时偎依在了我的怀里，樱口中呼呼的娇喘不息。

    “到底是很久没男人碰的身体，这么敏感！”我嘿嘿一笑，见妖娆少妇身体瘫软如泥，顿时放心的收回了双手。

    妖娆少妇眯着眼睛，气喘吁吁的瞄看着我，笑道，“老公，你的手指头真柔软，好舒服哦！”

    我轻笑一声道：“这是应该的！”

    妖娆少妇嗯了一声，顺势把两个雪白的大雪球迫不及待的揉了起来，雪白之上一点嫣红，美不胜收，“继续啊，别坐着不动！”

    妖娆少妇心中已经被刺激和舒爽所填充，脑海中全都是即将要到来的能够让她品尝到一个女人真正妙处的嘲，我将她整个人都抱在身上，妖娆少妇没有任何的抗拒，反而很顺从的垂下了双臂，将我盖进了自己的双峰里。

    一阵女人特有的体香从那对椒、乳上传来，我深吸了口气，一脸的迷醉。

    女人真是奇妙，几乎身上的每一个地方，都能够让男人的神经兴奋起来，当然，恐龙级别的女人除外咯。

    “老公啊，别只顾着自己陶醉了，我都快要撑不住了。”我整个身体都以妖娆少妇为依靠，方才能够让酥软的身体不至于跌倒，但是时间长了，妖娆少妇却有些吃不消了，不管她这个年纪身体和脸蛋儿多么的诱人，体力上却早就不如往昔，眼见我迟迟不进行对自己的侵袭，妖娆少妇忍不住出声催促。

    我豁然睁开双眼，微微一笑道：“老婆，有这么捉急么？”

    妖娆少妇猛地点了点头，“老公，你看我都快全湿掉了，你还不来弄，哼．．．”
   
    (不说身体极为敏感的反应了，单单只是在浴缸之中做这种事情，就足以让妖娆少妇刺激的爽到天了。

    我心里也有些担心，就怕这地方没能完全阻隔声音，要是被其他人听到这样子的情况，那自己基本就等着挨宰吧！

    不过他还是迅速的便调整了心态，怕什么，反正这屋里的女人早晚要被弄，自己既然来了，反正也不吃亏，现在见识见识自己大家伙的厉害，也算是给咱们潘空敲孀硬皇牵

    干吧，如果把这个女人给征服的话，那以后的在安庄镇，也算是有人接应了，嘿嘿！

    “老公，你在干什么啊．．．动啊，动啊！”

    听到妖娆少妇的话之后，我轻轻应了一声，站起身

    “还不快点儿过去，还想让我等多长时间呢！”妖娆少妇又是催促了一声，随手便把秀裤给脱了下去，让我看了看她有多么的需要自己的大家伙来安慰她。

    妈拉个粑粑，这女人真是饥渴的要死！喵的，干死、你！

    妖娆少妇贴着浴室的墙壁，双腿交叠在一起，撅着翘臀，扭过头一脸渴望的望着我，嘴唇动了动似乎想要让我快点儿过去，心里催促着我赶紧的进来，尽情的压在她的身体上，用那雄壮的家伙事儿去探索她超级渴望被这么大的家伙刺入的桃源秘境。

    “快来呀，你这老公到底在等什么啊，没看我已经等不及了？”妖娆少妇连声的催促，她已经快要受不了身体的煎熬了，看着我的大家伙，却不能够让他干进来，那种感觉真比杀了她还难受。

    妖娆少妇看来身子很色急了，如此饥渴的要求着我眷干进去。眼巴巴的看着我，妖娆少妇眼中充满了渴望，满脑子都是被我压在身下，用我那巨无霸一样的大家伙在自己身体里疯狂的捣鼓的场面！

    我揉了揉鼻子，眼珠一转，冲妖娆少妇笑道：“老婆，既然你这么想的话，那我先跟你弄两下，你那里太滑了，帮我一下！”

    妖娆少妇闻言大喜，忙不迭的点头答应道：“好好好，你先顶到我这汹子上，我扶着，你慢慢进来。”说着，妖娆少妇便扶起我的擎天柱了。

    我莞尔一笑，神色一正，马上便仿佛变了一个人似的，对等待已久的妖娆少妇道：“老婆，你得小心咯！”

    妖娆少妇闻言，急忙转过了身去，微微弯着腰，把两片翘臀又抬起来了一些，两片雪白之间，那一抹黑乎乎的草丛中一道仿佛女人红艳的嘴唇一样的小细缝缓缓张开，两片小嘴唇中那一个小圆洞口，缓缓的往外流淌着晶莹剔透的琼浆玉液。

    晃了晃两片翘臀，妖娆少妇回头看着一动不动的我道：“老公，我都已经放好了，赶紧来吧，里边难受，快给姐姐堵住，水越流越多了呀！”

    我嘿嘿一笑，擎天之柱仿佛出海的怒龙，瞄准了妖娆少妇两片雪白之间的那条小溪，咕唧一声，便把龙头钻了进去。

    “哎哟，好涨，好舒服哦！”妖娆少妇一阵大叫，不停的摇晃的身体，似乎难以承受我那大家伙的猛刺，想要往前几步让我的家伙事儿从下边的小嘴里抽离出去，然而却舍不得那种被填充的满满的充实感，妖娆少妇只能靠着自己的叫声来宣泄身体传来的舒爽与不堪承受带来的双重感觉。

    这虽然有些矛盾，但是妖娆少妇见我在身后只是石像似的站着，却是动也不动一下，短暂的不适过后，妖娆少妇便开始主动的把自己的身体往后撞去，我的家伙什儿忽然比之前又变大了不少。妖娆少妇这一主动，家伙什儿马上又往里边钻进去了一些！
   
    (

    我一撇嘴，心里暗道，老子这都还没动呢！你这骚货都是自找的，哈哈哈哈！

    “老公，你．．．你的怎么会．．．怎么会突然变大？”妖娆少妇身体一阵颤抖，带着哭音问道。

    我的擎天之柱虽然比起刚放进去的时候大了一号，但是对妖娆少妇来说，不至于会稍稍主动了一下便有如此强烈的感觉。不用说了，肯定是我在使坏！

    我在自己的家伙什儿钻进妖娆少妇下边的小最里边的时候，便已经默默的控制欲火，家伙什儿逐渐的变大，即便是妖娆少妇这种女人依旧难以承受越来越大的家伙什儿。

    我嘿嘿一笑，腰肢微微用力一挺。

    噗！

    一声很奇妙的声音响起，我一个前冲，家伙什儿猛地大半钻进了妖娆少妇下边的桃源溪径里边。

    “哎哟．．．我的天．．．你想干死我呀！”妖娆少妇顿时疼的一阵大叫。

    我嘿嘿的笑了笑，继而再度控制，家伙什儿顿时又软了点，这才让妖娆少妇感觉好受了一些。

    适应一会儿之后，我开始动了。妖娆少妇眼睛立马眯了起来，两片翘臀左右摇摆，嘴里发出一阵大叫声。

    “老公啊，我舒服死了，唉哟．．．啊．．我姐要你一辈子都用这大家伙捣鼓我下边，哎哟哟，不行了，要尿出来了，尿出来了呀，啊．．．”妖娆少妇突然止步，一阵大叫。

    啊！

    随着妖娆少妇最后一声尖叫，一阵流水的哗哗声顿时响了起来。

    我睁大了双眼，紧紧的盯着浑身颤抖犹如打摆子似的妖娆少妇，心中的惊讶难以言表。

    哗啦啦的声响依旧在继续，只见一道水柱从妖娆少妇的双腿、之间喷了出来，仿佛喷泉似的喷洒在地面上，更有一些顺着水灵灵的双腿缓缓滑落，就连我的腿上都被溅到了一些。

    一股怪怪的味儿，顿时在浴室内弥漫了开来。

    妖娆少妇一个哆嗦，那喷涌不断的水柱终于停了下来，妖娆少妇颤抖不止的身体也随之安静了下来，张着嘴巴大口的喘息着，仿佛方才那一次喷涌而出的水柱，已经耗尽了她全身所有的气力，浑身酥软，若不是我在背后抓着她的双臂，妖娆少妇早就瘫软在地面上了。

    “嘿嘿，我还没玩够呢！”

    我将妖娆少妇放回在浴室里，将她的双脚架在自己的肩膀上，低头看着她脸上丰富的表情，坏坏的笑道，“老婆姐，你就好好享受吧！”说着，找准了目标，缓缓放了下去。

    一声痛并快乐着的长吟过后，妖娆少妇带着一丝恐惧的神色看着我，嘴里又发出一阵哎哟哟的大叫。

    我可没有客气，开始真正的用力展现自己大家伙的实力。

    噼啪噼啪．．．

    “啊．．．唉哟．．．老公，不行．．．啊．．．不行了，我．．．我要飞了．．．要飞了．．．唉哟．．．”妖娆少妇的确够呛，被我压在浴缸的躺头出，娇躯随着我的每一次冲顶，都上下的起伏。波浪式的浴缸内春光荡漾，浴缸内的水不时的溅出，很快地板砖上便湿漉漉一片淌了一地泛花的水渍。

    “吼吼吼！”

    不知道过了多久，我终于低吼着释放出自己宝贵的精华，野兽一般呼呼喘着粗气。

    而妖娆少妇则已经瘫在了浴缸内，全然没有了先前的那种高高在上的优越感，足足休息了十几分钟，才睁开眼睛，满是迷离的望着我，有气无力的道：“老公，没想到你这么厉害！好舒服，好舒服”

    我嘿嘿一笑，“爽了吧？我表现的怎么样？”

    “好！”妖娆少妇连连点头，忽的又怯生生的说道，“简直就是一头冲满攻击性的野兽，疯狂起来吓人的紧！”

    废话，老子都拼老命干了，当然跟野兽一样！
   
    ()没有哪个男人不喜欢女人夸赞自己哪方面儿强悍，我也不例外，闻言低低笑了一声道：“也没你说的那么厉害呀，只是刚刚觉得很兴奋，没想到做这事儿居然这么舒服，姐姐，以后我还能和你做么？”

    “可以啊，只要你不嫌弃我长得又老又难看，有时间就

    我嘻嘻一笑，搂抱着她滑嫩的身子，在她泛着红潮的脸上使劲的啵了一口。终于，恢复了正常，再没有之前那过家家之间的称呼了。

    “好了，别跟个孩子似的赖在我身上了，看你弄出来的那些东西都浮上来了，咱们把水换掉，好好的洗一下吧！”妖娆少妇媚笑一声，便要站起身来，可是脚下甚软，险些瘫倒。

    我把目光转过去，不由坏笑了起来：“姐姐，那些还不是被你弄出来的！”

    妖娆少妇咯咯笑道：“呼我好久没这么舒服了，哎呀，我的小男人呀，喜欢死你了！有了你这一次，姐姐再也看不上其他男人咯！”说着，在我的脸上亲了一口，随后软绵绵的在我的搀扶下起身出了浴缸。

    放掉浴缸里面被我和妖娆少妇污染过的水，在妖娆少妇的指点下，我重新放满了水，两人双双走进浴缸洗起了鸳鸯浴。

    “姐姐，这浴缸真好，冒出的那些泡泡打在身上，真舒服。”我一边帮着妖娆少妇轻缓的搓着背，一边把手伸进水里捕捉那一个个不停冒出来的细小水泡。

    妖娆少妇笑道，“那当然了，这种浴缸很贵的！”

    我和妖娆少妇干完事，在波浪式浴缸嬉闹一阵，这才双双起身痛痛快快的淋了个澡。

    淋浴的时候，我拿眼打量着妖娆少妇前凸后翘的身子，暗暗称赞，这小娘们的虽然久久没男人碰过，这身材真是没得说哦，该凸的地方凸，该翘的地方翘，全身上下几乎没有一丝的赘肉，想到方才疯狂时刻，对妖娆少妇那儿也是赞不绝口，看来也是个不经常被赛的货色，紧紧凑凑的宛若青涩的小女生。

    擦干身子，我和妖娆少妇打开浴室的门，相携而出。

    我拿出评分表放到妖娆少妇面前，她很大方的打了一个满评，眉宇间的那股子幽怨早就没有了，取而代之的是一种解脱的爽快。

    忽然，我觉得自己做的工作似乎也算是做好事了。若是想要维持家庭的和谐，一味的忍耐是没办法的，谁都需要释放，需要发泄。正是有了我们这些人的存在，才让那些一年难得见几次面的夫妻依旧保持着幸福美满。

    拿着满评表放进包里，妖娆少妇把我送出了门，在我耳边悄悄说道：“小弟，以后你想玩直接来找我，不要在给那家俱乐部赚一道去，知道吗？”

    说着，她便塞了一叠钞票进我的口袋。这一叠虽然不厚，却也不薄，我感受着那股子丰腴，笑呵呵的跟妖娆少妇告别。

    对于她的好心建议，我可没办法答应。咱们是有职业操守的，接私活是个很犯忌讳的事情，万一被抓到，不仅名声臭了，还会遭到报复。毕竟，妇女之夜俱乐部背景非常大，把一个人搞得生活不能自理，还是轻松加愉快的。

    不拦了一辆的士，哼着小调子返回霞飞路，心里别提多畅快了。

    今天出了两个台，虽然第一笔没有赚到钱，可是小费却拿了足足一万。第二笔又是个满评，再加上小费和出台费，最起码也能赚到两三千。不得了不得了，这是发家致富的节奏啊！
   
    (前台经理叫做诺兰，是个地道的美女，她接过我的评分表，低头一看，顿时有些吃惊的看着我。我只是挠挠头，她便嘻嘻笑着，转身扭动水蛇般的腰肢，朝员工统计部门去了。

    到了陈晓薇的办公室，发现门是锁的，也不知道这小女人到哪里遛食去了，我索性蹲到门口等着。

    现在是十二点，已经过了俱乐部生意最红火的高峰期。

    女人跟男人的嫖妓时间不一样，男人一般是这个时候出动，而女人大部分在这个点就已经结束了。

    忽然，一阵脚步声从走廊那边传来，我连忙欣喜的站起身。开玩笑，那陈晓薇可是说过的，只要我能再拿一个满评，试用期直接回缩短半个月！

    可是，朝我走

    “小子，你是新来的？！”为首的肌肉帅哥将我的脖子一下子勾住，然后就往走廊的那一头拖去。

    “大哥，大哥，有什么话好说啊！”在这个肌肉帅哥面前，我连毛线抵抗地都没有。自己身上的肌肉虽然不大，可是也很有型，只不过比起对方来算了，他家是开健身房的么！

    绕道走廊拐角，三个肌肉帅哥团团围住我，为首的咧嘴笑了起来，“小子，你叫什么名字？”

    “我我叫叶小飞，不知道几位大哥找我来有什么事吗？”我吞咽了一口唾沫，他们身上那种与生俱来的压迫感，的确给我一种蛋疼的感觉。

    为首的肌肉帅哥似乎很爽快的笑了几声，拍着我的肩膀，低声说道：“新来的，以后在俱乐部里，你就跟我们混吧！我叫王亚建，这两个是我的兄弟，卢华和罗斌！”

    这是拜码头？！我日，这就是传说中的拜码头？！哎，貌似好像还不错啊，三个肌肉男，看上去很靠得住啊！

    我是这么想的，反正自己菜鸟新人，投靠那边都是做小弟，不如选一个实力强大的来玩，以后说不定也有个照应。

    当下，我毫不犹豫的从口袋里翻出刚才那个妖娆少妇打赏的消费，大约也有一千来块钱，递到王亚建的跟前，连连点头，谄媚的笑了起来，“是是是，王哥，卢哥，罗哥，以后小弟就跟你们混了，这是一点小意思，你们喝点茶，别嫌寒碜。小弟初来乍到，就这最后一点了”

    还好爷们聪明，外国妞赏的那一万，已经存到银行卡里去了。

    三个肌肉帅哥看着我送上去的一小叠钞票，纷纷皱眉。这一表情把我给吓得不行，难道这三个人嫌我的钱少了，还要我的色？

    我捂着菊花，脸上的笑容有些不自然了，“王哥，你也知道我是新人，真的没有多余的钱来孝敬您老了”

    “谁要你这钱了？！”王亚建将钞票推回给我，反而还从口袋里掏出非常厚的一大叠，他看我裤子口袋大，就直接摁了进去，“我们看过你的档案了，乡下来的，大学毕业后也一直没什么工作。你那些钱我们看不上！再说了，做我们这一行的，你觉得会缺钱吗？！这些钱你拿去置些行头，既然做了我们的小弟，就别穿这一身土不拉几地摊货了！”

    嘶，居然没收我的钱额，也对！一天若是就接一个活，差不多都有一两千的收入，若是满评来一个，估计都有三千呐！一个月下来，所有的收入，估计也有十来万

    人家月入十来万，看得上我这一千来块钱都有鬼了Ｉ是这他妈的见鬼了啊，你不收钱，反而还给我送钱！那一叠钞票起码也有五六千，这这是什么情况？！

    我懵了，拜码头怎么会是这么拜的，这些人不讲江湖规矩么？
   
    (只不过，口袋里的那些钱，有些烫手啊！

    “叶小飞，做了我们的小弟，就有义务！”只听那王亚建嘴角咧开一丝笑意，“咱们也不是什么坏人，以后你每个月的收入，我们只提一层！你第一个月嘛，就算了，工资拿去搞点上档次的东西，不要丢我们的人。”

    说着，王建亚拍了拍我的肩膀，“好好干，半年后你若是还没走，就是我们的核心成员，不需要交钱了，反而还能收其他人的钱！加入了我们奇葩猛男组，这是规矩，不要有什么怨言，知道吗？”

    哗擦，原来是在这里等着我啊，我就说怎么会好端端的送钱！等等，有点不对，什么叫做奇葩猛男组？！

    “小飞，你发什么呆？！”王亚建见我傻愣愣的靠在墙上，皱着眉头问道，“难道你想不讲规矩？”

    我心头一惊，连忙低下脑袋，“哪里哪里，王哥你说的我都同意。只不过，我不太明白什么是奇葩猛男组”

    “你不知道？”王亚建和两个同伴对视一眼，纷纷笑了起来，“我说小飞，你卖身到俱乐部，就没认真看合同？”

    “额看是看了，只不过三十多页，没有一页一页的看下去啊”我有些慌了，自己要真是做一辈子苦工都走不脱，岂不是要老死在这里？！

    “王哥，这合同是不是有什么问题？”我连忙问道。

    王亚建摇摇头，“合同没问题，都是一年期限的！只不过，我们俱乐部又分为五个服务组，第一个是高帅富，第二个是斯文哥，第三个是娃娃未成年，第四个是高胖萌，第五个是奇葩猛男，你胸卡上是E组，也就是我们奇葩猛男组，懂不懂？”

    噗，一听到这些个鸭子小组的名字，我差点把口水都喷出来。这是谁想出来的玩意儿啊，太恶搞了有没有？！

    “哈哈哈哈”实在是憋不住，我大笑了起来，“王哥，这是哪个脑残分的组啊，哈哈哈”

    “小飞，小飞，别笑了！”王亚建本来也是面带笑容，可是忽然又把面色沉了下来，轻轻的推搡了我一把。

    我见他憋得难受，便嘻嘻哈哈的说道，“王哥，你有没有搞错，想笑就笑嘛，这脑残的名字，实在是太搞笑了！取名字的真是天才，王哥，告诉我是谁，我回去给他烧香！”

    “是我！”就在这个时候，在我们身后传来一阵威严的女声，我的心头顿时咔嚓一下，双腿立马开始打斗了。

    转过身躯，就看到三个女人站在后边。

    为首的那个女人，就是我昨天刚来这里的时候，给我安排大活的江姐，陈晓薇和另外一个女孩老老实实的立在她的身后，对我挤眉弄眼，一副幸灾乐祸的表情。

    我傻逼了，这个江姐可是俱乐部的一方大佬，地位仅在胡总之下，我居然当着她的面说她脑残，唉哟我才真是脑残！

    “你对我取的小组名有意见？”江姐眯着眼睛看着我，拿与生俱来的压迫感，让我差点跪在地上。

    我艰难的吞咽了一口唾沫，手舞足蹈的解释起来，“怎么会呢！江姐取的名字相当霸气，我对您的敬仰”

    “啪！”

    话还没说完，江姐上前就给了我一巴掌，冷声哼道，“以后不要乱讲话，你新来的饶你一次，下次若是再被我发现，保证你吃不了兜着走！”

    我捂着脸，心里微微吁了一口气，连忙笑道，“是是是，江姐您老就放心吧，这是最后一次，要是还有下一次，我自己拔了自己的舌头！”

    “恩！”江姐点点头，转过身对陈晓薇说道，“带他去人事部重新立档案，连拿三个满评，可以提正了。以后他就归到奇葩组里，工作编号007！”

    “是！”陈晓薇对我递了个眼色，沉声说道，“叶小飞，你还发什么愣，跟我走。”

    我顿时狂喜，天呐，这才一天啊，就提拔到正式员工了好爽，好幸福！
   
    (

    “晓薇姐！”昨天那个蓝发小妹笑吟吟的站了起来，其他几个人也都朝陈晓薇打招呼。

    “你们大姐大这回在了吧？”陈晓薇拿着我的胸牌，在桌子上敲了敲，摆出一副很牛逼的老城样儿。

    说实在的，我对这丫头还真是笑的不行。那张娃娃脸根本就没办法装逼，怎么还偏偏要装出这种鸟样？

    见我在身后暗暗发笑，陈晓薇猛地扭过头来，用高跟鞋跺了我两脚。

    “哟，晓薇啊，是什么风把你吹来了啊！咦，这个是”从人事部经理的办公室走出来一个妖娆身段的大美女。

    “陈悦姐，这就是昨天的那个小弟！你帮我登记一下，他开始正是上班了！”陈晓薇对这个大美女不怎么感冒，话语颇显生硬。

    不过，我却是看得眼睛一愣一愣。哗擦，原来这个大美女，就是昨天晚上的那个欲女大姐大？！

    不得不说，陈悦保养的极为得当，虽然已经三十岁了，但是那皮肤依旧滑腻，小腹依旧平坦，双腿修长结实，泛着一丝丝珍珠般的光泽，傲挺的两座高山足以让许多女人都自愧不如，全身无一不散发着成熟女人多特有的魅力。

    “哦？！你就是昨天那个小弟？”陈悦了然的点了点头，笑眯眯的来到我的身边，勾起我的下巴，“啧啧”了一声之后，就转身从陈晓薇手里拿走我的工作牌，进了办公室。

    很快，她就回来了，将一张正式的员工证和一份合同递到陈晓薇身前，随即走到我身边，在我耳边悄悄说道，“小弟，晚上下班到街对面等我，我请你吃夜宵！”

    我微微一愣，一旁的陈晓薇便抓着我的领子往后拖去，“行啦，我们先回去，有什么悄悄话以后再说！”

    我感觉我就像一根浮萍，只要有风，我就得跟着走，随便摆布啊！

    来到陈晓薇的办公室，她把合同递给我，然后又抛了一支笔过来，神情很是难看，“认真看清楚，没问题了再签字！”

    合同倒是没啥问题，正是员工一周要上班六天，从下午的六点到晚上十二点，底薪一月一万，年底双薪，三险一金，只不过除了春节，其他的节日还得上班就是了。这是一年份的合同，到明年就到期了，想要续签就得另外再签合同。

    我看了两遍，都没啥问题，便签上了自己的大名。

    “行了，明天记得准时打卡上班，这是你的工作证，不要落下了！”陈晓薇哼了一声，好似警告一般嘱咐了我一句，“以后记得离陈悦那女人远一点，不然没你的好果子吃！好了，你可以滚了！”

    我不懂她这是什么意思，拿起工作证，千恩万谢的离开了陈晓薇的办公室。

    离开了俱乐部，忽然想起陈悦跟我交代的事情，便走到大街对面。谁知，还没站俩分钟，陈悦不知道从哪里窜了出来，拉着我就往一家宾馆里走。

    我没有挣扎，只是有些懵头懵脑的跟着陈悦进入房间，刚想说话，陈悦就抓起我的手，在自己胸前的两只玉峰上迫切地抓揉着，还故意用自己腹下的部位顶蹭着我的小伙伴，含混不清地说，“小弟啊，你看你都肿成什么样子了，是不是很想要啊？姐姐这身子骨可是多肉多汁的荔枝，让人忍不住想就咬一口，你想不想吃啊，来啊，来吃啊！”

    我的那根小伙伴骤然直挺的竖着，微微颤抖了两下。

    还没想多，陈悦便躺在了我的胯间，一只手轻轻抚摸着我的小伙伴，嘴唇亲启，就跟亲老公一样连亲好几口。

    “我日，你这骚女人！你这是干什么？！”我连忙大叫。

    “小弟，你．．．快来干我，快来干我！”陈悦将我啪啦一下推到床上，用自己丰满的柔荑，用力的在我的脸上来回挪动，“你这臭小子，看你那模样就知道你是个大色狼，来来来，快点跟姐姐好好的弄一次。昨天晚上被你干的舒服死了，满脑子都是你的大家伙呢！”

    被这种突如其来的艳遇给直接弄傻眼了，我居然有些飘飘然起来：奇怪，自己是怎么到这个地方的？！
   
    ()“你妈个头！你这女人太骚了老子忍不住啦！”

    我的一只手抚握着她的两只乳，一只手果断分开了她的腿摸进去，手指更是准确无误地勾进了她已经潮湿的水草中，一滑，一掘，一股要命的痒麻刺激感瞬间击穿陈悦的全身，她忍不住叫出了声

    “啊好舒服啊”

    我快速的继续勾划自己的手指，同时手也在她的胸尖上不停捻动，咬着她的耳朵说，“你这骚到家的女人，看老子不把你给干死！”’

    陈悦被他给摸得全身酥软，腿间湿的不成样子。她在我怀里诱人地扭动着，享受着我那娴熟的撩拔，喘熄说道，“小弟，快来嘛，别弄了，快点给我，给我！”

    我的手指继续在她的桃源溪径中划动着，急促的喘熄声在四处回荡。

    我将陈悦摁在床上，把她的衣服都给剥了下去，手在她的最敏感部位肆意搅动着，“我日你个蛋蛋，你这骚货”

    陈悦娇媚的搂着我，嘴里发出比之前更加撩人的娇呼。身上散发的那股芬芳，宛若勾人魂魄的锁链。我深深呼吸了几口，“好像，这是什么味道？”

    “你这臭小子，快点干我啊摸来摸去的干什么？ｌ点，快点啊”

    “老子喜欢情调！憋得越久，待会儿的劲头就越足！你以为人人都跟你这骚货一样，简单粗暴，直来直去么？！”说完，我把陈悦侧抱在怀里，胸膛紧贴着她的裸背，双臂上下缠住她，一只手摸她的玉峰，一只手摸她的桃源溪径。

    一股股难一耐的酥麻感顺着汁液流出来，陈悦己经被摸一弄得一点理智都不存了。

    我把自己坚硬的小伙伴挺起来，在她的臀部一下一下蹭一磨着，嘿嘿笑道：“骚女人，快点求我，求我啊！”

    “求求你求你吗个头！你这这小屁孩子，比比老娘还矫情，你到底干不干？！”陈悦本来脾气就不好，偏偏我还那般戏弄她，顿时火气一起。

    可是，刚想逆推，我居然三根手指捏在一起，沿着那桃源溪径的花蒂往下一擦，继而一滑，一下子就刺入了那条深深的溪径之中。

    “啊！！！”被异物入侵的紧张感让陈悦剧烈地颤抖起来，她一只手死死揣着我的手，乞讨一般用力的摇着头，“不要这样不行，不行”

    “你不是很享受么？骚货，老子玩死你！”我哼哼一笑，三根手指缓缓往里顶去。

    陈悦什么时候被这么弄过，顿时被我搞得嗷嗷大叫起来。

    我的的手指深入陈悦的桃源秘境，那种酥麻到骨子里的舒服，将陈悦身下一股股的汁水汹涌地流出来，她的腿中间早就湿成一片了。

    我用力的收缩着手指，撩拔着她说，“怎么样，舒服吧？！”

    陈悦痛苦地颤抖着，伸吟着说，“你你这王八蛋，痛死我了！”

    我嘿嘿一笑，“这就痛了啊，等会儿更痛！”

    说着，他就从陈悦身后翻起来，把自己的裤子匆忙扒下去。陈悦瘫软地躺在一边，看着我心急火燎扒拉自己的裤子，心里一时促狭，突然就一伸胳膊，将坐在床沿上的我猛地推到了床下。

    我大怒的从地上爬了起来，到了这地步，我也不再客气，陈悦刚刚被那根香蕉和手指整的成了一个圆圆的直筒，我挺起起小伙伴，滋的一声直接钻了进去。

    紧，相当的紧！

    出乎我的意料，这陈悦居然依旧如此紧凑，这冷不丁的一下全戳了进去，小伙伴顿时被一团温热紧紧的包围，说不出的爽快。

    我爽了，陈悦却惨了，我一下全根进入，桃源秘境中顿时传来一阵火辣辣的灼痛感，仿佛被人从里边点了把火似的，难受的同时却又被我那雄伟的小伙伴撑的无比的充实，不由自主的自己晃动了两下身子，小伙伴马上在桃源秘境中产生了摩擦。

    “好疼，又好麻，好涨好舒服啊！”

    陈悦闭上双眼，慢慢的享受着让她快要飞天的充实感觉。
   
    (

    “现在感觉还痛不痛？”我低声询问道，这么慢慢的磨下去的话，到天亮都不一定能喷出来。

    陈悦知道我想把动作加快，而自己也适应了他壮硕的小伙伴，微微一点头，道：“你可以快点儿了。”

    我闻言马上放开了手脚，一手托着陈悦的右腿，一边迅作出了反应，小伙伴在陈悦内横冲直撞，啪啪之声配合着她的浪叫不绝于耳，我每完成一次冲刺，都会把陈悦中带出大量的山泉水。

    我还真没想到自己把小伙伴戳进他的桃源秘境后，这骚货居然像换了个人似的，丝毫没有刚刚想要瘫软下去的迹象，反而渐渐的主动迎合了起来。

    “哎呀，舒服死我了，比被十个男人同时干还要舒服！”陈悦忍不住叫出声

    靠了，十个男人，你娘的就算把全身的洞口都算上的话，也不能同时被十个男人耍吧！

    “舒服那就多享受会儿，我可是要来真格的了。”我说完，取出小伙伴，让陈悦双手扶墙，翘起了翘臀。

    “你快点嘛！”陈悦那张汁水慢慢的桃源秘境微微张开着，等着我的小伙伴再次的光临。

    我定睛细看，只见那桃源溪径随着陈悦的呼吸一张一合，粉嫩的桃源秘境中却是不断的流出泉水，仿佛一张嘴在流哈喇子似的。

    然而，我感兴趣的却不是她小嘴似的桃源秘境，而是边上的情趣用品。他扭头看了一眼那放在一边的润滑油瓶，心中马上有了主意，提枪上马一戳到底神功使出来，陈悦马上大声叫了起来。

    枪已上膛，想停下来那是不可能滴，陈悦不说还好，这话一出口，我犹如下山的猛虎，闹海的蛟龙，原本还慢吞吞的动作，忽然变的迅捷无比，蹭的一下把戳进半截的家伙事儿，整个儿的一下子全塞了进去。

    “哎哟，小坏蛋啊，你要我命哦！”陈悦痛呼。

    要命就要命吧，谁叫你给这么勾引我？！妈拉个巴子！

    报复心理作祟，我并不顾及陈悦的感受，动作犹如狂奔不止的野马，卯足劲儿，屋子里顿时噼噼啪啪的声响不绝于耳。

    陈悦被干的嗷嗷直叫，开始大声大声的讨饶。

    “哎哟，我，你这臭小子懂不懂得怜香惜玉啊，不行了，不行了，你这个可是大家伙啊，太厉害了．．．快要干死我了啊！你慢点，慢点啊．．．唉哟．．．”陈悦娇呼不断，身子随着我的冲刺不停的扭动，张大了嘴巴回头冲着我叫道。

    你这骚货，叫的这么大声！如果不是这个酒店隔间的效果够好，不然整栋楼都要听到了呢！哼，叫吧叫吧，等着继续承受老子狂风骤雨般的攻击吧！

    我托起陈悦的翘臀，喘着粗气道：“你不是想痛痛快快的干一场么？我现在满足你，爽了吧！”

    陈悦这会儿已经没有力气再说话，扶着床头的双臂不停的颤抖，双腿也觉得软绵绵的使不出丝毫的力道，整个身子在我狂猛的进攻下，几乎有瘫软的趋势。

    我自然感觉的到她的变化，唯恐自己还没有尽兴，这娘们就先瘫了下去，憋自己一肚子的邪火，懒腰将她抱起放在床上，面对面看着她绯红的脸颊，心说这小娘们模样确实不赖，身材好，桃源秘境也紧得跟年轻的姑娘似的！估计她平时勾搭那些男人，最多的时候也只能坚持个三五分钟。

    “我，我不成了，要死了啊！”陈悦气若游丝，话音随着我每一次有力的冲刺而娇颤不已。

    “小点声，你还真想将其他人都引来，然后围观我们的大战吗？”我忽然停了下来，出言提醒。
   
    (

    如此一来，我也大感舒服。

    妈的，果真是骚、货，都给干的快死了，还让我不要停！不过，这骚、货还挺会玩的嘛，居然能想到这一招出来，搞得我都要缴枪投降了！不行，老子不是那种没毅力的人！

    当下，我硬忍下来，冲刺的力度更加的凶猛。

    陈悦被顶的身子猛颤，突然口中一声低呼，翘臀停止了研磨，死死的抵在我的小腹上边，腿肚子一阵打颤，低呼道：“唉哟不行了，我又来了，又来了啊第五次了第六次了噢！！”

    我自豪一笑，自己这一番凶猛的进攻果然起到了作用，这骚货短短时间之内就被自己击溃。

    “不行了，不行了，我不

    我还没尽兴，顿感不爽，又将陈悦拉到自己身边。陈悦宛若见了妖魔一般，连忙退开一下，用被子遮住自己的身子，连连娇喘摇头，“不要，我都要坏了你你太狠了！”

    “不是你要我用力的么，怎么现在又是这模样？”我挺着小伙伴，得意洋洋的跪坐在陈悦面前，“厉害吧？”

    “太太厉害了，你做这一行，真是物尽其用，好好舒服”晃了大约五分钟，陈悦才微微回过一些劲儿，见我依旧生龙活虎的，顿时吓得花容失色，连连摇头，“你怎么还没射啊，不行，我真的不行了”

    我很自豪，相当自豪，我的二哥如今愈发的强大了，个头涨了一倍多不说，更是持久力强的过分，半拉小时是轻松愉快，一个小时是家常便饭，两个小时才是耀武扬威。

    可是，我自然知道久战不乏那对身体很伤。只不过，现在自己酣畅淋漓的搞了才十几分钟，陈悦就不行了，难道要我当真这么个大美女的撸，展现我潘康囊幻妫

    丢人的事情我做不出来，不由得低叹一声，“咋办，憋着可不行！”

    “叶小飞，你是不是很难过？”陈悦见我低着头，看着自己的大家伙满脸通红，不由得嗤嗤笑了起来，将两腿分开，指着她的桃源溪径，痴痴的说道：“你你帮我按摩一下，说不定等会儿我就恢复了呢！”

    我微微一愣，哗擦，这也能按摩？怎么按，用舌头还是用手指？

    “哎呀，你这臭小子，轻轻的抚摸你不会啊！”陈悦看我还是无动于衷，顿时一巴掌砸在我的脑门上，没好气的将我一把掀进她的怀里。

    “哦哦哦，我知道了，我知道了！”话不多说，我一只手抓着陈悦的小腿儿，三根手指并拢在一起，进了山泉狂涌的桃源秘境。

    进去了！

    感觉到我手指的尖端已经钻进了桃源秘境，陈悦一颗心顿时提到了嗓子眼，心情一紧张，桃源口的两扇大门便死死的挤住了还要往里钻的手指。

    我嘿嘿一笑，“陈悦姐，是这样么？”

    陈悦深深呼吸了几下，感觉到那火热的手指随着陈悦轻缓的动作，一点点的向里钻去，那上面的小刺一般的突起，刮了桃源秘境中一片酥麻，山泉更加汹涌。

    啊——

    陈悦猛然一声惊呼！

    我被吓了一跳，急忙开口问道：“怎么了？”

    陈悦白了我一眼：“还不是你太用力了！”

    我歉意的笑了笑：“我一会儿小点力气，一时没留心，力气是大了点儿，可你这反应也太强烈了吧！”

    陈悦没好气的说道：“还不是你，让你慢慢来，你这猛的一下子，疼死我了，你还在一边说风凉话！”

    话虽如此，陈悦却感觉到了十足的快感，我轻轻扣动的手指，摩擦着桃源秘境的肉壁，应该比起她自己弄起来要舒服得多了！
   
    (

    “哎哟，你骗人啊，用那么大的力气．．．”陈悦一声低呼，猛地抓住了我正缓缓进出的的手。

    看着陈悦的两扇大门被三根手指撑得向两边分开，红艳艳的挂着几滴泉水，嘿嘿笑个不停。陈悦眼睛一瞪，直接张开口咬在了我肩膀上，力道之大，直接咬出了血迹。而她的小腹，却轻微的慢慢蠕动，在我的手指间徘徊着。

    我给咬得呲牙咧嘴，哼，既然已经适应了，那看我怎么报你咬我之仇！

    我一下子分开陈悦的双腿，看着那剩留在外边大半的三根手指，低低一笑道：“忍着点儿啊，我可能一下就给你整进去了。”

    陈悦半仰着头道：“嗯，快点吧．．．”

    我一边说着，一边手指并拢，缓缓在陈悦的桃源秘境里搅合，进进出出的带出了大片的水渍。

    陈悦身子轻颤不已，感觉体内无比的充实。

    我见陈悦已经完全适应，二话不说，双手蜷在一起，整个儿向她的桃源秘境内挤去。随着手指的深入，那桃源秘境的入口几乎快要被撑得变了形，陈悦却没有叫一声痛，口中反而出令自己都感觉血脉喷张的低叫声。

    暗地里一声坏笑，我忽然把手指往外抽出来一些，只留顶端一小段儿指节撑着桃源秘境口，随后又缓慢的将其伸进去一点儿，继而又抽出来，如此反复，陈悦那桃源秘境的出口，已经被山泉洗礼的不成样子。

    “小飞，我的祖宗哦，你别这么整啊，难受死我了，你干脆点儿，一下捅进来．．．快．．．”陈悦被我折腾的不成样子，心里难受的要死。

    “谁叫你咬我！”我哼哼了一声，偏偏不如她的愿，说着就要把陈悦桃源秘境内的手指拔出来。只有在这一刻，我才感觉到作为一个男人应该有的硬气。平时我都觉得自己软蛋废物，可耻的不行！

    “别！”感觉到桃源秘境内一阵空虚，陈悦马上惊叫出声，急忙阻止我下一步的行动，“好小飞，我不跟你闹了，你别啊，好不容易进去的，在整出来会死人的．．．”

    我嘿嘿一笑，“这还差不多！”说着，抓着手指的手加重了力道，虽说没有一下子捅到底儿，却还是猛然之间伸进去了一半。

    只见随着手指的深入，陈悦的桃源秘境仿佛被撑开了一般，原本就高高隆起的小山包，此时更加的膨胀，几乎要涨裂开来一般，连泉水都不能流出丝毫，显然这手指已经将陈悦的桃源秘境整个儿塞满了。

    陈悦重重的呼出了一口气，这手指是顶端细，越往后边越的粗，此时最为粗壮的前端部分已经完全伸延进了桃源秘境内，剩下的便只是深度问题了。

    这一点陈悦倒是不担心了，她还就不信，这手指就那么长，我还能耍出什么鬼点子来？

    “怎么样，是不是舒服多了？”我的蜷曲的手掌几乎早就整个儿没进去，经过陈悦桃源秘境中的山泉一通清洗，变得滑涮无比，我一边轻松自如的控制着手指，在陈悦的桃源秘境内进进出出，一边笑着问道。

    陈悦经常在晚上用手指安抚自己的时候，心里对这玩意儿还意犹未尽。可是，此时尝试了一下我手指的滋味，那感觉确实不一样，但是要是拿来跟我的大家伙什儿相比的话，却还是差了一筹。

    这其中最大的区别便是这玩意儿要人工控制，而我的大家伙什儿虽然也要我自己控制着，却能依据着自身的感受时而猛烈时而轻缓的进攻，而且那种滚烫的感觉，也更非这无法深入的手指所能比拟的。老子多难的撸管经验，总算是在这一时刻，验证出价值来了！
   
    (

    “小飞，你的手指怎么这么厉害啊！”陈悦不知不觉间，那被储存已久的山泉，仿佛泄洪一般，哗啦啦的流了一地。

    我哼哼了一声，“不就是个手指么？这有什么的！”

    百合小护气喘吁吁的摇摇头，“小飞，你那么多花样，这都是跟谁学的，还不厉害？”

    我一脸的神秘，微微一笑道：“先别说那个了，等到了时候你自然就会知道了，现在先把大餐前的开胃菜吃完再说吧！”说完，我手上的动作骤然加快。

    陈悦顿时一阵鬼哭狼嚎，若不是怕被人听见的话，这嗓门绝对比电脑音响上的大喇叭

    “不行了，你慢点儿吧，我吃不消了！”陈悦一阵哀求。

    我双眼中却闪烁着兴奋的火花，丝毫不为陈悦的哀求所动，三根手指被她耍的无比的滑涮，在陈悦的桃源秘境中一进一出，犀利无比，带出大量的甘泉。

    见陈悦叫的越来越大时，我手中的手指骤然一下连头带尾全部拔了出来，趁着陈悦桃源秘境的大门大开之际，又猛地连头带尾的伸了进去。

    陈悦正看着我的手指桃源秘境里一进一出，正满心的兴奋，突然觉得的自己充实无比比的桃源秘境，骤然一空，随即便又被猛烈的占领，两个极端的存在，让她无法抑制的叫了出来。

    我连忙捂住了她的嘴巴，低低一笑道：“刚刚你舒服的都要恨不得把我的手指给整跟儿夹断了，小声点哦！”说着，停下的手有开始缓缓的动作了起来。

    陈悦顿时一声娇哼，身子忍不住随着我轻缓的动作扭动了起来。两人面对面，我的手指，在陈悦的桃源秘境内一进一出，疯狂的搅合着。

    慢慢的两人之间有了默契的配合，陈悦红着脸，气喘吁吁的道：“小飞，这样子不行，每次都给吊着，上不上下不下的，好难受啊！”

    陈悦这会儿虽然在被手指贯穿着桃源秘境，但是依旧渴望我的大家伙。毕竟，自从见识过了我的大家伙什儿以后，陈悦始终忘不掉。

    对于男人，陈悦是过来人了，虽然自家的男人不给力，但是自己勾搭到的副院长，在吃过药后，那仅有的几下狂猛而有力的冲刺，却还是让她无限的回味。

    那种感觉绝对不是手指和手指所能够代替的，或许，就是那人那种强而有力的冲刺，一下下的撞击，虽然有些痛楚，心里却十分的受用，只是那种猛烈的撞击却不能持久。

    想到这儿，陈悦心中无比的渴望眷的能够被我那强悍的大家伙什儿钻进自己的桃源秘境，用强而有力的冲击，一下下的撞击着自己最深处那颗柔软却敏感的所在。

    “小飞，快点儿，用力，用尽你所有了力气，把手指狠狠的伸进去，快啊！”陈悦只觉得心中燃烧着一把火，眼前晃动的全是我那想要刺破苍穹的大家伙什儿，用短促的话音对我急声说道。

    我不知道生了什么，让陈悦片刻之间仿佛变了一个人似的，但是听到她急促的催促声，看着她神色接连变化的脸颊，却也知道这娘们指不定想到了什么，若不然的话怎么会让自己用尽全力的手指猛戳她的桃源秘境？

    微微一打楞之间，我蜷曲手指，几乎把手掌都猛地往她的桃源秘境的最深处戳了进去，那感觉就像自己的大家伙什儿在里边，一次次狠狠的撞击。
   
    (

    “妈的，手都酸死了．．．”我把手指拿出来，直接从水果盘里操起一根香蕉。

    陈悦极为配合，不停地扭动着腰肢，“小飞，快点嘛．．．不要拿出去，不要拿出去。”

    我嘿嘿笑了起来，伸手抓住了陈悦胸前的大兔子，晃动手里的香蕉，“陈悦姐，这次可是水果了哦，很硬很硬的！”

    陈悦被一股子空虚搞得魂都快丢了，现在哪里还管得了那么多，不停的喊道：“小飞，快，快，就像刚才一样，尽情的戳吧！”

    我没想到这陈悦疯狂起

    陈悦不甘落后，娇哼一声，渐渐的搂住我的脑袋。

    我看陈悦渐渐进入状态，低声笑道：“陈悦姐，你这胃口是越来越大了！”

    陈悦娇喘道：“别说这些没用的，你快点弄．．．呀，疼死我了！”

    一想起我那一柱擎天的家伙什儿，陈悦心中便犹如涟漪一般慢慢在心里扩散开来，倏然间感觉到如今我手上的力道并不能满足自己，不由低声哼道：“小飞，再重点儿，就跟你用力干我的时候一样！”

    我闻言手上的动作却蓦然慢了下来，怔怔的看着手里被抽出半截来到香蕉，无语道：“陈悦姐，现在力道已经够大了，再猛一些的话，怕是要给你戳穿了呀。”

    陈悦抓着我捏着自己那白乎乎玉兔的手，倏而转向自己的另外一只玉兔儿，用力的揉捏着，把一颗原本挺实的大兔子，捏成了各种形状，喘息着说道：“没事儿，你尽管用力的戳就是了，越大力姐姐越喜欢！”

    我一看，马上就知道这娘们儿要荡漾到顶点了。

    当下不再担心她的身子，豁然抓紧香蕉，往里一推顿时整个儿钻进了桃源秘境，使出大力气在陈悦的桃源秘境内一通猛捣。

    “哎哟，就是这样，再快点，力道在重点儿，呀，要戳死我了，要死了啊．．．”陈悦叫声让人闻之遍体酥麻，我同时不忘把握在手中的香蕉，在陈悦的桃源秘境内也是一通快的进出猛捣。

    “小飞．．．小飞，来了，要来了，要飞起来了啊．．．飞了．．．”陈悦忽的嗷嗷低喘，尖叫起来。

    在我手持香蕉的狂攻之下，陈悦最终难以承受，一声尖叫过后，身子一软，大口的喘息着，绯红的脸颊一阵滚烫，仿佛从未经历过这种事情似的，酥麻的几乎要整个儿瘫软了下去。

    “陈悦姐，你怎么这么不经折腾，这才多大会儿你就不成了？”我一看陈悦委顿了下去，轻声打趣道。

    陈悦红着脸，不停的喃喃道，“．．．好舒服．．．”

    过了足足十几分钟，我才将香蕉抽出来。陈悦也恢复了一些力气，不过还是气喘吁吁。可她心里却十分的痛快，回头看了一眼我，低声对我叫道：“臭小子，你还愣着干什么，人家还没完呢！”

    我笑道：“陈悦姐，你那儿刚被香蕉整过，我怕我这乍一进去的话，你会受不了！”

    “臭小飞，我又不是泥捏的，你没看我这口子还是泛滥的不成样子了么，快来吧！”陈悦将身子耷拉在我身上，“我都舒服这么久了，也该轮到你了是不是？”

    就知道这娘们儿嘴皮子厉害，我抽出大家伙什儿，陈悦的桃源秘境中顿时冲出了一股水渍，啪啪的滴落在地面上，羞的陈悦急忙站起了身子。
   
    (”我哈哈笑个不停。

    陈悦撇了一眼我，“刚刚你怎么就不知道轻点了，以为我就不会痛？小飞，你还愣着干什么，我还要，我还要啊！”

    我没想到陈悦居然如此饥渴，微微一笑，当下不再怠慢，挺枪靠近陈悦的桃源秘境，瞄准位置，向前一推，滋的一声全跟没入。

    “哎呀，小飞，你个没良心的臭小子，你这比香蕉大多了，硬多了，还用那么大的力气，要被你戳死了．．．要死了啊！”陈悦骤然被我进入，空荡荡的桃源秘境中，顿时被挤塞的满满的。

    我长长的舒了口气，陈悦年轻，又是会保养，这洞儿干起来就是舒服！

    滑滑腻腻的绝对没有半分的涩，然而若是比其松紧度来的话，陈悦的桃源秘境真是没话说的！

    为了防止陈悦坚持不了太久，我刻意加快了动作，撞的陈悦惊呼不迭，片刻后便嗷的一声软了下去。

    “陈悦姐，这连十分钟都还没有，你就不行了？！”我嘿嘿笑道。

    “死小飞，你又不是不知道之前已经被你弄了一次了．．．呼，让我呼吸一会儿，等下再来吧！”陈悦没力气和我计较这些，被这大家伙一通疯顶乱撞，小腹内仿佛翻江倒海一般，既舒服又难受。

    又休息了半个小时，陈悦脸上露出一丝喜色，这会儿身子已经恢复的差不多了，看着我轻轻的在自己的身体里慢慢磨蹭着，心里早就痒的不行了。

    “小飞，我还要，你快点来吧！”

    我点点头，架起陈悦的双腿，啪啪啪的一阵狂顶，陈悦哎哟连声又坚持不住了，随后再度休息。还没多久，陈悦又自动把桃源秘境凑了过来，如此反复，陈悦也不知道被弄出来多少次，直到完全瘫软了下去，我才终于爆出来，喷了她一脸。

    我蹲下身子看着陈悦，呵呵笑道：“怎么啦，陈悦姐，你不是先前豪气冲天的说要收拾我么，现在怎么自己倒先瘫软了下去？”

    陈悦看了我一眼，喘息着道：“你这臭小子简直就是个变态，一个人顶的上几十个大老爷们，没干死我就算好的了，你还在一边说风凉话！”

    我一副优哉游哉的模样，蹲在陈悦身前出言打趣，陈悦却有些受不了了，她脸上还挂着黏糊糊的东西，腥腥的不怎么好闻，急忙起身，一把将我推倒在地上，直接颤踉走到在卫生间在弄了勺凉水，洗起了脸。

    陈悦手里拿着水勺，自己洗完后，忽然把水勺里的水哗啦一声倒在了水池里。我在一旁看着陈悦，坏笑个不停，“陈悦姐，你干脆吃了下去吧，味道不错，还能美容呢！”

    陈悦顿时尴尬不已，抬起水勺就往我脸上盖去，我诚心的捉弄她，如何会让她得逞，躲到一边。

    谁知，两个人光溜溜的厮闹，我的大家伙什儿虽然已经趴了下去，可没有清洗怎么可能收回去呢，被这个娘们儿一通折腾下来，触碰到了多次，渐渐的居然又有了抬头的趋势。

    见百合这个娘们儿还没有停下来的意思，我低声喝道：“你玩够了没有啊，再玩下去的话，我可要恢复过来，继续跟你弄了！”

    说着，我小腹一紧，大家伙什儿当真向上抬了抬。

    此时陈悦正来到我身前，闻言，不由低头看了一眼，马上惊呼一声：“你变态啊，恢复的这么快！”
   
    (

    我只感觉一股剧烈的火焰燃烧着自己的肚子，忽的“啊”的一声大叫，拉着陈悦又坐在沙发上，将她两腿一分，跨步坐到了我的双腿上，稍稍对准了下目标，滋的一声便把直挺的大家伙什儿整个顶了进去。

    “啊”陈悦一阵呼痛，却无法挣脱出来。

    我忍不住出一声痛快淋漓的哼声，这他娘的太爽了，每次都是为了照顾别人的情绪而慢慢的进去，现在可好，全部都省了，大家伙什儿顺溜的一下戳到了底，一团温热包围过来，我马上把身子仰靠在了沙的靠背上，等着陈悦自己开始摇船打摆子。

    陈悦一下把我的大家伙什儿吞了进去，冷不丁的全身一阵颤抖，痛得不行。可是不一会儿，那股子再度泛滥起来的春情，还是让她忍不住的想要动了起来。

    差不多十分钟，陈悦总算是完全适应下来，桃源秘境里的泉水，也足够抵挡我的大家伙。她微微动了一下，看我一脸的舒泰，便轻声道：“小飞，是不是很舒服？”

    “陈悦姐，说实话，我今天纯属在干体力活了。你倒是爽了，我还没怎么舒服呢！不过，现在被你这么一坐，不仅是大家伙什儿舒服，全身都酥麻麻的，好像抽了大烟一样。”我眯眼看着一脸迷醉的陈悦，这娘们儿看来也是开始舒服了，否则自己这常人无法承受的大家伙什儿，一下戳到她隐藏在桃源秘境的那颗软乎乎的小红豆，应该是让她痛的流眼泪才对。

    不错不错，陈悦也恢复的很快。只不过，看她的样子还是有些强迫，算了，我还是轻一点吧，否则把她干趴下了，也是造孽啊！

    一边想着，一边放缓动作，陈悦渐渐舒赞开眉头，那股子快意居然很快卷土而来，比起之前还要剧烈百倍，宛若飓风海啸，铺天盖地！

    “小飞，小飞我又想要，啊我要，我要！你坚持久一点，久一点！”说完，陈悦便开始一上一下的运动起来。

    我脸上露着一抹怪怪的笑容，这样省力气的活儿，还真不错啊！

    随着陈悦的话音落地，宽敞的桃源秘境内马上便的紧凑无比，和在卫生间里不同的是，现在我干巴巴的坐在沙上，主动权完全交给了陈悦，这娘们儿不知道是不是在刚才的时候没有尽全力，我此时只觉得大家伙什儿被一团肉壁狠狠的包裹着，龙头上面传来的酥麻感，越来越强烈，居然有要喷出来的趋势。

    当下我一惊，马上舌抵上颌，收紧了小腹。

    在我的努力下，那股想要喷出来的感觉终于消失无踪，慢慢的，大家伙什儿适应了陈悦无比紧凑的桃源秘境，时不时的还能主动反击一下，把陈悦顶的低叫不止。

    时间不长，陈悦全身便汗如雨下，一边运动，一边哼哼唧唧的嗷嗷个不停。

    其实陈悦现在心中很是惊讶，自己可是对那里保养的非常到位的。所以到了如今，也依旧是紧致的厉害。就刚才一会儿，我已经发泄了一次了，这第二次应该更快的，否则就软的厉害，她就是怕我半道就坚持不住了。

    可是现在看我的神色，除了刚开始的时候有些激烈的反应，随后便如同没事儿人似的，自己疯了似的上下左右的研磨，居然不能让我软下来或者射出去，真的厉害！

    “噢，噢啊”陈悦一边浪叫着，一边发问，“小飞，你你说话嘛，舒服不舒服？”
   
    ()“陈悦姐，舒服是舒服，只是这样好像有些无聊哦，你能不能在快一点儿？”我现在已经适应了陈悦紧凑无比的桃源秘境，连声催促着，一脸坏笑的盯着陈悦道：“陈悦姐，继续啊，怎么停了？”

    陈悦摇摇头，看了一眼沙发，轻声道：“小飞，要不咱们换个地方吧！去卧室怎么样？”

    我呵呵笑道：“还去卧室干什么？难道你还能坚持多久？嘿嘿，如果前面不行，那就来后边吧，一样很舒服的！”

    陈悦一怔，没明白我的意思，低声道：“后边是什么？”

    我顿时把手伸了进去，在她姓上轻轻一摁笑道：“就是这儿啊。”

    陈悦顿时出一声低呼，不成，那儿不行，你断了这心思吧！”

    陈悦被我在姓上轻轻摁了一下，马上明白了过来，顿时否决。打心眼里她就没有想过那地方还能被弄进来。

    “为啥不行？”我笑着问道。

    陈悦红着脸道：“那儿是便便的地方，怎么能进去呢，脏死了。”

    我把手移动到她毛绒绒的地方，低声笑道：“你这儿不也是便便的的地方么，怎么就能够干进去呢？”

    陈悦道：“那不一样，这儿上面还有一个花蕾，和后面根本就不一样！”

    “那好，你不同意的话，那我就不跟你做了！”我把手抽出来，伸了个拦腰。

    陈悦咬着牙道：“那就在这儿吧，我快一点儿，你也用最快的速度弄出来，舒服一下得了，好不好？”说着，马上开始进行活塞运动。

    陈悦只觉得自己的桃源秘境，每一次把我的大家伙什儿含进去的时候，都有一股股的山泉涌出来，慢慢的把我的双腿打的一片湿润。

    啪啪！

    随着一上一下的起伏，两人身体每接触一下，便会出这种撞击的声响来。

    陈悦开始吃不消了，不由又放缓了动作，然而动作慢了下来之后，桃源秘境中却是一阵阵的难受，没有了那般剧烈的撞击之后，好像人就跟丢了魂似的。

    “小飞，我们去卫生间吧！”坚持了两分钟后，陈悦终于忍不转口。

    我用戏虐的口问道：“去卫生间可以，不过卫生间里有没有润滑油呢？”

    身子的反应战胜了理智，陈悦低声说道：“有！”随即便离开了我的双腿，便向厨房走去，便回头看着我，眼中满是焦急。

    看来，我不断的挑逗下，陈悦的情趣，被完全给刺激了出来。

    我把大家伙什儿收回去，起身跟上了陈悦的步伐，嘿然笑道：“陈悦姐，这可是你自己答应的，去浴室你用前边的小嘴帮我弄不出来的话，我可要抹点润滑油把你后边给侵略了啊！”

    “弄不出来我就叫个外援来，不信我们两个尽全力还收拾不了你。”陈悦也有锦囊妙计，就算自己不能让我喷出来的话，不是还有个战友么，到时候两个人车轮战，不信我就扛得住。

    一边点头，一边穿起了件睡裙，走到浴室，抬头向着窗户朝外面看了一眼后，催促道：“快点儿，别被人看见。”

    我见陈悦神色有异，忍不住向那墙头看了看，疑惑道：“有什么不对么？”

    陈悦迟疑了一下，说道：“没什么，反正你快点就是了！”

    我嘿嘿一笑，心里明白了陈悦担心的是什么了，不过既然她怕被人看见，为啥还要叫的跟杀猪似的呢？

    寻思间，我和陈悦来到了浴室，陈悦从矮柜上取下来一块塑料垫布，仔细的在地上伸展了开来。

    “你在上边还是我在上边？”铺好塑料布，陈悦抬头看着我问道。

    “当然是你在上边了，我在下边可是又能享受又能节省力气。”我坏笑一声，马上坐在了塑料布上。
   
    ()不过，我随即便现了一个问题，这玩意儿要是坐着的话，没有在沙上舒服啊，而且自己要求的那润滑油，陈悦也并没有拿出来．．．

    “好吧，就让你省点儿力气，快把你的大家伙什儿拿出

    “陈悦姐，你先把润滑油拿出来，我才把大家伙什儿让你用。”我坐在塑料布上，大家伙什儿顶起老高，却还是不忘向陈悦要润滑油。

    陈悦没办法，自己答应了的，不能言而无信，转过身弯腰在矮柜里拿出了一瓶润滑油。

    我在她弯腰拿润滑油的时候，便把目光移到了她的姓上，和她黑漆漆的桃源秘境不同，陈悦的姓居然透出一种粉嫩的颜色，显然并没有被人开过，我心中一喜，大家伙什儿更加威武挺拔。

    陈悦拿着一瓶润滑油，蹲在我身边，一脸无奈的道：“给你，真不知道你怎么想的，非要惦记着我后边，那么小的一个地方，怎么能装的下你这么大的大家伙什儿啊！”边说边把润滑油瓶递到了我手上。

    我嘻嘻一笑道：“这你就懂了，等待会儿给你开的时候你就知道妙处了。”

    我接过润滑油瓶，打开闻了闻一脸的陶醉，其实他也快忘记那后边塞进去以后是什么感觉，当初跟胡莲花和王玉兰疯狂之后，早已经隔了许久。这段时间自己虽然流连于众女之间，不过那地方确实没咋尝试。

    “快把你的大家伙什儿放好，我要去了！”陈悦见我迟迟没有行动，自己动手竖起我的擎天柱，把那根让她又爱又怕的大家伙什儿挺直，眼神中满是唏嘘之色。

    “这么急？好歹等我酝酿一下吧。”我打趣道。

    “不用酝酿了，等我给你吞进去以后，你再酝酿吧！”好不容易陈悦不在，陈悦迫不及待的上了我的双腿，和先前一样，一下到底。

    “好舒服，我要当火腿肠一样，整根的给你吃了去。”趁着这会儿的功夫休息了一下，陈悦彻底了放开了，身子剧烈的运动，大家伙什儿一次次的顶在那颗小豆豆上边，爽的她再也顾不上被人听见，浪叫不止。还好浴室的窗户都给合的严严的，只是不晓得隔音效果怎么样。

    “陈悦姐，你小声点，小心被隔壁的听见！”我出言提醒道。

    陈悦却只顾着左摇右晃，把一对白乎乎的兔子，在我眼前晃的那叫一个波涛汹涌，我真担心这么晃下去的话，会直接甩飞出去，出于保护陈悦两只兔子的目的，毫不犹豫的伸出双手，将两只兔子紧紧的挤在了一起。

    两颗肉呼呼的兔子被我拿捏住，陈悦身子顿时一阵哆嗦。

    “你别那么用力捏啊！”陈悦一边叫喊，一边不忘进行剧烈的活塞运动。

    “陈悦姐，你的胃口这么这么大啊？”我依旧把两只兔子紧紧的挤在一起，笑问道。这坐着就是有这好处，不管陈悦怎么折腾，自己都能大气不喘一口的跟她讲话。

    陈悦挥洒着满身的汗水，道：“我哪里知道！对了，你出来做服务业的事儿，你家里人知道吗？”

    我神色顿时一黯，低低说了一声：“我家里人．．．唉．．．”

    我是个孤儿，从十三岁那年，开始！本来家里还挺殷实的，可是爸爸妈妈一出了事儿，亲戚见到我仿佛就跟见了鬼一般

    “陈悦姐，呵呵不说这个了！”

    我的心头微微颤抖，陈悦不经意间的一句话，说道了我心底最深的痛楚，大家伙什儿随之便是一软。
   
    (

    时间长了，我对自己的身世看的也比较淡了，尽管没有了亲生父母，可还得活下去不是？活的风风光光，活的潇洒倜傥，这才对得起所有爱护我的人！

    “嘿嘿，陈悦姐，你经常来这地方是不是啊？”我马上调整心情，大家伙什儿重新恢复雄风，戳的陈悦一阵低叫，却扔不忘借机询问些事情。

    陈悦哼哼着道：“要你管，你小子就做作孽，唉哟疼死我了！”

    我吃吃一笑，满上收紧了小腹，让大家伙什儿旧能的蹦起

    我感觉大家伙什儿越来越热，真怕被陈悦这么套下去的话，会摩擦起电，继而着火。

    “不行了，要出来了，啊．．．啊．．．我又来了，来了．．．”陈悦忽然把双手按在了我的胸膛上，全身一阵猛颤，桃源秘境中猛地喷出了一大股的水渍，把我的身子弄湿的一大片。

    几分钟后，陈悦涨红着脸长长的舒了口气，道：“好舒服！”

    “陈悦姐，你就别说风凉话了，等会儿你不行的时候，还是找外援吧！这么强撑着别把你的身子搞坏了。”

    几番冲阵下来，我知道陈悦已经彻底的不行了，最后一次飘起来的时候，整个人若不是有我搀扶着，几乎就要虚脱的倒在地上不动了，而现在虽然没往后倒去，可是整个身子已经软软的依偎在了自己身上，只是这娘们儿向来嘴硬，还是不肯作罢。

    “不行．．．今天你就是我的！小飞．．．你拿润滑油来吧，我不行了，你就直接弄那边！”

    “这可是你说的啊！”一边说着，我一边让陈悦把双臂伏在了墙壁上，随后抬起她的左腿，左手拿着润滑油，往姓上一摸，直接捅进其中，八百里急行军似的，在里面疯狂的冲顶。

    陈悦已然到了巅峰边缘，此时被我一连串的猛攻，阵子马上失手，只觉得自己的后边被撑裂了一般，异常的痛苦。可是，还没十下，居然传来一阵愈发剧烈的快意，藏在桃源秘境深处的那颗小豆豆，一阵居然的收缩过后，猛然喷出了一道水柱，滚烫的液体喷射而出。

    “噢噢．．．你越来越猛了，小飞，我后面可是第一次啊，居然这么凶残的对我，不行，你托着我，我不行了，要倒下去了．．．还是等我啥时候缓过劲来，再让你弄吧！”陈悦撒娇似的用双臂抵在墙壁上，双腿却是轻微的打着颤。

    我两只手拉住她，看样子只要放开，陈悦整个人儿就会马上的瘫软下去。我不由得呵呵一笑道：“陈悦姐，这你可就冤枉我了，刚才要不是我那么卖力的话，你能有这么舒服么？”

    “算了，不跟你瞎扯了．．．你就是喜欢作践人．．．”陈悦无力的白了我一眼，气喘吁吁的哼道。
   
    (

    “唉哟．．．不行了．．．”陈悦很快就又腾云驾雾，嗷嗷叫个不停。

    我自然是快马加鞭，终于让小伙伴酣畅淋漓的舒服了一把。两个人爽在地上不想动弹，窗外的阳光依旧强烈，过了大约半个小时，我才搀扶着陈悦去浴室洗澡。

    等到陈悦洗完澡，完全恢复过来，已经是凌晨两点多了。我看了看钟表，提醒道：“陈悦姐，我们去吃夜宵吧！吃完我就要走了．．．”

    “这么快？小飞，要不我们这里住一夜吧！”陈悦依旧有些力竭，可却不希望我就这么早离开。

    我摇摇头，“这不太好！反正以后我们的时间多的是，没必要急着一时。”

    陈悦见没办法劝住我，只好点头答应下来。两个人收拾了一下东西，便慢慢往楼下走去。随后，陈悦打的回家，我便慢慢的在大街上逛。

    白天不用上班，让我没有什么压力，晚上想什么时候睡就什么时候睡。

    回到家里，习惯性的走进卫生间上厕所。可是，刚一走进浴室，我便差点儿忍不转呼了起来，注意力立马被浴缸里一个小姑娘给吸引住了。

    只见这长着漂亮瓜子脸的小姑娘，正闭着眼睛在那大的惊人的浴缸里，浴缸里还翻滚着浪花，只不过有了那一层透明的帘子挡着，使得我没有办法看清楚真正的美景，惹得我心里头是如同蚂蚁乱转一般，想要抓狂。

    忽然，我神色一定，摒起气息，半趴在地上，轻轻的拉开那一层帘子。只见这个女人居然正在轻轻地用纤细的手指分开那两片花瓣，然后中指轻轻地刮划了起来，左手则安抚着那只白花花的能够亮瞎人眼睛的丰盈。

    “娘的，这就是公寓里另外一个女孩子啊！咦，她怎么脸上一会儿非常的痛苦，一会儿又难受的要死呢？额擦啊，原来是在干这种勾搭啊！”我被这陌生的女子给弄得心里头火热了起来，咽了咽口水，心里忍不住又疑惑了起来，“这大晚上的，她怎么在浴室玩这一招？！”

    “唔．．．噢！”的一声娇呼，把我的心思给拉扯了回来，他看着那小姑娘的动作更频繁了起来，嘴角不由得浮起了一丝笑意，嘿嘿，真是火爆啊！

    忽然，我的目光扫在了洗衣机的装衣服的篮子上去了，一抹充满了神秘的黑色吸引了我的注意力。

    我眼珠子咕噜噜一转，嘴角勾起了一抹坏笑，这小姑娘居然穿这么诱惑的秀，肯定不是啥好东西。这般想着，我瞥了一眼显然还没有发现自己的女孩，便朝一旁的衣服篮子爬去。

    扭头见那小姑娘还在自己享受着，我这才把黑色秀给捏在了手里，不知道是咋的，一摸到那丝滑的面料，我这心里头便一阵火热了起来，嗓子眼被一团火焰给烧的火辣辣的，难受的很。情不自禁地深深地嗅了一口，娘的，居然还带着一抹蜜桃的香味！

    这倒是让我有些诧异了起来，这女孩有些特别啊，下边儿居然是水果味的！

    心里一激动，手上顿时没了轻重，洗衣筐就在身边，被我不小心的蹭在了地上。“哐当！”一声大响，只见那围着浴室的帘子忽然被掀开，从里边探出小女孩惊愕的面容。

    “啊！！！”

    一声尖叫划过寂静的夜空

    “额，别叫别叫，我就是来打酱油的，不知道厕所有人啊！”我哭笑不得，连忙夺门而逃，手里还拽着那一条黑色蕾丝锈。
   
    (很快，就有人来敲门了，我心里清楚，这是来上门讨债的！

    门口的敲门声越来越急，轻重不一，傻子都知道有两个人在敲。唉她们肯定都很生气，自己才住进来一天，就闹出这种流氓事件！

    “人死鸟朝天，不死万万年，豁出去了！”我架不住门口的哐哐大响，便来到门口，耷拉着脑袋，一把将门给扭开。

    果真，三个女孩子对站在外边，那个戴眼镜的小姑娘还睡眼稀松，那丰满的女孩子和刚刚洗澡的正满脸怒容的望着我。

    难逃一死

    “这个，小妹，你听我解释啊！”我有些手忙脚乱，“我刚刚是去上厕所，没想到里面有人我”

    “别解释了，你你快把手里的东西还给我！”洗澡的女孩满脸的怒容，指着我大声娇喝道。

    这小丫头居然一点羞色都没有，裹着个浴袍如此彪悍！妈啦个蛋蛋，前面你在卫生间里玩自己好不好！

    “额”我低头一看，又是一阵蛋疼，他妈的怎么自己顺手观赏的黑色蕾丝边小内还在手里拽着啊！

    “给你，给你！”我连忙将小内递出去，开始了自己道歉赎罪的第一部分。可是，洗澡小妹连看都没看我一眼，就匆匆跑回自己房间去了。剩下两个女孩，一个叉着腰，一个揉着眼。

    “这个，你们听我说，我真的不是故意的！”我继续解释，“我真的是加夜班，回来晚了，尿急冲进厕所，根本就不知道帘布后边还有人呐！”

    丰满的女孩本来对我应该还有些好印象，毕竟她一听我是研究生，这才答应合租的。只是我好像很让她失望，那眼神中有种恨铁不成钢的感觉。

    “那你为什么还要偷走小的内裤！”丰满女孩哼哼了一声，“你还是搬走吧，我们跟你住在一起太危险了！”

    我顿时大惊，手脚有些发凉，“别别啊！”

    “小雪，我看他好像不是小说的那种人，是不是有什么误会了？”一旁的那个眼镜女孩轻轻的拉了拉丰满女孩的手臂，低声说道。

    哗擦，天使啊！

    我听到这姑娘帮我说话，泪水差点就感动出来了。

    “恩恩恩，小雪，我真的不是你们想象的那样！”我脑袋急转，然后扯起淡来，“那个姑娘洗澡，把洗衣筐放在了马桶盖上，我尿急，当时没注意那么多，就把洗衣筐放到洗衣机上。然后不小心，把洗衣筐掉在地上，那件内裤就掉出来了，我只是捡起来想放回去。这个不信你去问那个小”

    其实我说的大部分都是真的，当时的确是因为洗衣筐掉在地上，才引起小的注意。只是稍微修改了一下措辞，将一次猥琐的偷窥，变成了尴尬事件。

    不过，效果好像还不错，我本来就惊慌的不行，再加上现在磕磕巴巴的解释，典型的悲剧哥，脸上一点猥琐的气息都不带，这一下就让小雪有些动摇了。

    “那你为什么还要偷走小的内裤！”小雪皱着眉头，低声问道。

    我长长的叹了一口气，“我我不知道啊，当时只想着赶紧跑出卫生间了，哪里还注意得到手里拿着什么东西你们要相信我的，我真的不是故意偷看小洗澡的。我我哪里知道，还有人半夜两点多洗澡啊，连浴室的门都没关”

    眼镜女孩在小雪耳边说了几句，两个人便转身朝小的房间走去。小雪回头还不忘警告我一句，“我们公寓都是女孩子，以后你可要小心点了，如果还有下次，我们一定会干你走的！”

    “是是是，谢谢谢谢！”我连忙躬身道谢，目送两个女孩进入小的房间。我知道，她们一定是帮我解释去了。
   
    (谁知，第二天早晨九点多，就被一阵敲门声给吵醒了。我是个有下床气的人，别看平时软蛋，可是睡觉被吵醒，绝对的超一流大爷脾气。

    “谁！”我满脸黑气的拉开房门。

    只见眼镜姑娘端着一个盘子怯生生的站在门口，盘子里有一杯冒着热气的牛奶，还有一块面包皮都有些焦黑的三明治。只不过，她见我怒气冲冲，不由得吓得后退了两步。

    “额小妹妹，你有啥事啊？”我顿时打起了哈哈儿，尴尬的挠挠头，尽量让自己僵硬的面孔和善一些。

    眼镜姑娘展颜一笑，将盘子递到我的面前，“今天是星期六，我们要打扫卫生了。你快去洗脸刷牙，把早饭吃了。小雪说，有力气活儿，要你帮忙！”

    “打扫卫生啊，好好好！”我指了指饭厅，“放在桌子上吧，我现在就去洗漱！”

    说完，我便从房间里拿了脸盆、毛巾和牙刷，直奔卫生间。此时，卫生间有人，小正在里边梳头，见我一进来，怒狠狠的哼了一声，转身便离开。

    在与我擦身而过的一瞬间，我连忙抓住了她的手，苦哈哈的说道，“小妹妹，你听我解释”

    “放开！谁是你妹妹，你要是再抓着我，我就喊了啊！”小的声音很尖锐，不过挺好听的。

    我讪讪的松开了手，“那个不如我中午请你们吃饭吧，想吃什么都行”

    小刚刚跨出卫生间的门栏，一瞬间又跃了回来，扭头哼哼到，“你说的是真的？”

    “对对对，只要你原谅我，别说是吃饭了，就算是吃人，我都给你找个胖子回来！”我信誓旦旦的拍了拍胸口，随即气势一泄，有些不知廉耻的笑道，“当然，别太贵了，太贵的我付不起钱”

    “切！”小总算是露出了一丝笑意，不过很快摆起脸色，“我不管，你要想让我接受你，就必须出大血！我问你，你还有多少钱？”

    “我？”我摸了摸裤子口袋，从里边掏出两大叠钞票，“我我就这么多了，全部家当”

    这两叠钞票足足有八千两百块钱，其中一千八是昨天出台的时候，那个富家婆给的小费，另外六千四，是王亚建那个肌肉帅哥给的安家费。当然，这不是我全部的家当，还有当初金发美女给的一万块钱，我已经存银行了。

    小有些激动，微微撇起了嘴，“就这么点啊！那那还好，我们中午去无上龙都吃一顿！”

    这话一出，顿时把我骇的眼角一颤。无上龙都是城里最有名气的大酒店，吃一顿基本这八千块就见底了。我日，这小看上去斯斯文文、漂漂亮亮的，怎么这么狠毒？！

    “怎么，你不答应？”小见我都快哭了的表情，立马一瞪眼。

    此时此刻，我真有种掐死她的冲动。

    “答答应！”咬咬牙，还是把这股子怒意吞进肚子，好男不跟女斗，大家都住在同一个屋檐下，没必要搞出那种不可缓和的气氛。得饶人处且饶人，是我的一贯作风！

    “真的啊！太好了，你快点洗脸刷牙吧，我们打扫完屋子，就出去吃大餐！”小展颜笑了起来，一阵风般跑出卫生间，冲着另外俩姑娘大声嚷嚷起来，“小雪，文文，飞哥说中午请我们去无上龙都吃饭！”

    嘿，昨天还是臭流氓，今天就成飞哥了
   
    (当然，这个轻松容易是对于那三个女孩子来说的。

    好不容易把清洗好的柜子搬回去，我总算是吁了一口气。那三个姑娘也忒不当我外人了，啥重活都让我来干。他妈的再怎么说，老子也是个大老爷们，怎么能做这些女人家的事情的算了，这是最后一次，以后我打死也不做家务了！

    转眼间，快一点了，在烟灰缸里，已经多了七八根香烟。坐在对面的文文不停的擦拭眼镜，“小飞哥，能不能不抽烟？”

    这话几乎我抽一支，她就问一遍。

    “不抽烟能干啥？”我很无奈，指着那两个紧闭的房门，“那俩丫头都打扮了一个小时了，怎么还不出来？！”

    “小雪和小就是这样，一出门就要打扮你习惯就好。”文文微微笑了起来，似乎对于我的不耐烦很认可。

    我不喜欢等人，特鄙视等女人。当下大声叫道，“哎呀，我就是喜欢原生态的姑娘，文文，你看你多可爱啊！那些把自己涂得花枝招展的女孩子，再怎么漂亮，都是人工合成的，只有你是原滋原味！文文，你做我女朋友吧！”

    文文本来还是在笑，可是听到最后一句话，顿时羞得推了我一把，“哎呀，小飞哥，你别说那么大声！她们她们也不是故意的。”

    “靠，这还不是故意的？”我用力捏起两只拳头，怪不得说小她们早餐吃了那么多，就给我一个三明治，体力活还都给我来做，原来是在这里等着我啊！

    终于到了一点了，两个女孩子焕然一新出现在我的面前。小雪丰满，脸圆嘟嘟的，经过打扮和梳理，显得异常的可爱。小则是苗条曲线，一条黑丝袜展现无遗，只不过外面的超短裙短得厉害，似乎就包住个屁股。

    “嘶，令人发指，令人发指！”我连吞好几口唾沫，“你们要是弄成这样跟我上街，我岂不是要成了男人的公敌？！不行不行，快去穿长裤，你们俩这样太暴露了！”

    “不行，我就要这样穿！”小摇摇头，一把拉起文文，“走走走，咱们去吃大餐，小飞哥请客，咱们吃穷他！”

    我连忙拉住小，义正言辞的哼道，“如果不换件正常点的衣服，我就不带你们上街！”这话说的不容置疑，只可惜遭到了严厉的反抗，结果小雪和小那俩妞还是风骚的出门了。

    小穿着白色t恤，光可鉴人的柔顺长发自然披在脑后，绝美的俏脸上带着淡漠如雪的神情，乍一看好一副仙子下凡模样。

    可是那双粉嫩粉嫩的小脚丫上，却套着一双完全不合脚的人字拖，还故意踩得啪哒直响。脚趾头还不时得意洋洋的抖动几下，这不和谐的样子看得我直欲晕倒，恨不得找个口袋将这丫头装进去直接扛走了事。

    小雪也是披散着头发，在脑后轻轻晃悠着。就是文文还算是正常，有个学生样，至于那两位唉，说句不好听的，怎么都感觉跟KTV夜场里的小妹差不多。难道，这就是时尚？！

    于是，在小区里，一个穿着整齐正装的男人，带着三个风格各异却各有千秋的美少女。仅从自个儿公寓楼走到小区大门口，我便已够了小区居民们古怪目光的注视，颇带几分狼狈地带着俩妞钻进了一辆出租车。
"
